usertype,day_of_week,dow_name,bin_of_day,count,mean,min,max,stdev,sem,var,cv,skew,kurt,p25,p50,p75,p95,p99
Member,0,Monday,0,52.000000,0.117308,0.000000,0.633333,0.147379,0.020438,0.021721,1.256350,1.574965,2.952512,0.000000,0.083333,0.200000,0.340833,0.607833
Member,0,Monday,1,52.000000,0.067949,0.000000,1.000000,0.159446,0.022111,0.025423,2.346570,4.413523,23.421822,0.000000,0.000000,0.066667,0.287500,0.711000
Member,0,Monday,2,52.000000,0.051282,0.000000,1.000000,0.166792,0.023130,0.027820,3.252450,4.492202,22.068901,0.000000,0.000000,0.000000,0.318333,0.745000
Member,0,Monday,3,52.000000,0.031410,0.000000,1.000000,0.142559,0.019769,0.020323,4.538608,6.443027,43.892029,0.000000,0.000000,0.000000,0.124167,0.600500
Member,0,Monday,4,52.000000,0.178205,0.000000,1.400000,0.242952,0.033691,0.059025,1.363325,3.168517,13.031082,0.000000,0.141667,0.204167,0.526667,1.145000
Member,0,Monday,5,52.000000,0.376603,0.000000,1.416667,0.328084,0.045497,0.107639,0.871167,1.491046,2.435048,0.150000,0.283333,0.545833,1.045833,1.399667
Member,0,Monday,6,52.000000,0.692949,0.000000,2.466667,0.465631,0.064571,0.216812,0.671956,1.656342,4.230062,0.391667,0.616667,0.883333,1.415000,2.296667
Member,0,Monday,7,52.000000,2.910577,0.133333,5.350000,1.198565,0.166211,1.436558,0.411796,-0.087574,-0.269103,2.062500,3.000000,3.733333,4.927500,5.324500
Member,0,Monday,8,52.000000,5.359615,0.616667,9.450000,2.082303,0.288763,4.335984,0.388517,-0.327016,-0.445951,3.658333,5.525000,6.916667,8.471667,9.033500
Member,0,Monday,9,52.000000,4.244551,0.400000,9.416667,1.668214,0.231340,2.782938,0.393025,0.258865,0.756644,3.029167,4.441667,5.133333,6.524167,8.362667
Member,0,Monday,10,52.000000,2.094551,0.550000,4.300000,0.837062,0.116080,0.700672,0.399638,0.285895,-0.607016,1.341667,2.158333,2.750000,3.287500,3.900500
Member,0,Monday,11,52.000000,1.975000,0.416667,4.766667,1.012329,0.140385,1.024809,0.512571,0.722947,0.189348,1.337500,1.825000,2.529167,3.848333,4.494667
Member,0,Monday,12,52.000000,1.932051,0.100000,5.600000,1.098195,0.152292,1.206033,0.568409,0.777095,0.940310,1.012500,1.758333,2.737500,3.559167,4.716000
Member,0,Monday,13,52.000000,1.876603,0.266667,5.150000,1.064209,0.147579,1.132541,0.567093,0.630242,0.361941,0.991667,1.758333,2.516667,3.565000,4.555000
Member,0,Monday,14,52.000000,1.444551,0.300000,2.900000,0.779788,0.108137,0.608069,0.539813,0.245528,-1.182402,0.750000,1.433333,2.187500,2.740833,2.857500
Member,0,Monday,15,52.000000,1.796795,0.100000,3.650000,0.790073,0.109563,0.624216,0.439713,0.316595,0.015254,1.300000,1.708333,2.300000,3.319167,3.607500
Member,0,Monday,16,52.000000,3.096474,0.733333,5.333333,1.154490,0.160099,1.332847,0.372840,-0.310960,-0.637270,2.358333,3.166667,3.879167,4.705833,5.137833
Member,0,Monday,17,52.000000,5.521795,0.916667,10.366667,2.014037,0.279297,4.056346,0.364743,0.075920,-0.233937,4.195833,5.650000,6.762500,8.835833,9.831167
Member,0,Monday,18,52.000000,3.681090,0.283333,6.933333,1.683707,0.233488,2.834870,0.457394,-0.020025,-0.773438,2.404167,3.841667,5.004167,6.415000,6.907833
Member,0,Monday,19,52.000000,2.124679,0.133333,5.233333,1.208812,0.167632,1.461225,0.568938,0.678841,0.065482,1.200000,1.941667,2.729167,4.286667,5.148333
Member,0,Monday,20,52.000000,1.341667,0.000000,4.350000,0.926036,0.128418,0.857544,0.690214,0.997837,0.876031,0.683333,1.100000,1.908333,2.977500,3.780500
Member,0,Monday,21,52.000000,0.800000,0.000000,2.266667,0.588645,0.081630,0.346503,0.735807,0.886867,-0.117281,0.362500,0.608333,1.150000,1.935833,2.181667
Member,0,Monday,22,52.000000,0.449038,0.000000,1.716667,0.339573,0.047090,0.115310,0.756222,1.354167,2.649848,0.166667,0.383333,0.612500,1.031667,1.453167
Member,0,Monday,23,52.000000,0.360256,0.000000,1.766667,0.319759,0.044343,0.102246,0.887587,1.892102,6.065152,0.133333,0.316667,0.425000,0.840833,1.341667
Member,1,Tuesday,0,52.000000,0.162500,0.000000,0.750000,0.173201,0.024019,0.029999,1.065853,1.474114,2.127939,0.012500,0.116667,0.220833,0.524167,0.682000
Member,1,Tuesday,1,52.000000,0.085577,0.000000,0.533333,0.127102,0.017626,0.016155,1.485241,1.680448,2.458480,0.000000,0.000000,0.104167,0.298333,0.482333
Member,1,Tuesday,2,52.000000,0.014423,0.000000,0.266667,0.043037,0.005968,0.001852,2.983885,4.446689,23.532439,0.000000,0.000000,0.000000,0.083333,0.181667
Member,1,Tuesday,3,52.000000,0.017628,0.000000,0.200000,0.046957,0.006512,0.002205,2.663730,2.893170,7.544037,0.000000,0.000000,0.000000,0.131667,0.191500
Member,1,Tuesday,4,52.000000,0.175321,0.000000,0.783333,0.144488,0.020037,0.020877,0.824137,1.378389,4.794084,0.070833,0.183333,0.233333,0.374167,0.596333
Member,1,Tuesday,5,52.000000,0.324679,0.000000,0.816667,0.226258,0.031376,0.051193,0.696866,0.496225,-0.649890,0.162500,0.283333,0.454167,0.722500,0.791167
Member,1,Tuesday,6,52.000000,0.836218,0.150000,2.100000,0.428768,0.059459,0.183842,0.512747,1.047548,1.457665,0.533333,0.800000,1.037500,1.688333,2.083000
Member,1,Tuesday,7,52.000000,3.483654,1.033333,6.133333,1.222018,0.169463,1.493328,0.350786,0.217649,-0.232174,2.712500,3.391667,4.095833,5.746667,5.988833
Member,1,Tuesday,8,52.000000,6.515385,2.916667,10.050000,1.616233,0.224131,2.612210,0.248064,-0.135668,-0.407843,5.095833,6.683333,7.712500,8.898333,9.820500
Member,1,Tuesday,9,52.000000,4.837179,2.100000,8.416667,1.474170,0.204431,2.173177,0.304758,0.540875,-0.241121,3.741667,4.441667,5.891667,7.511667,8.272167
Member,1,Tuesday,10,52.000000,2.648718,0.516667,6.183333,1.214486,0.168419,1.474977,0.458518,0.940721,0.893142,1.829167,2.516667,3.204167,5.137500,5.894333
Member,1,Tuesday,11,52.000000,2.235577,0.350000,3.883333,0.825295,0.114448,0.681111,0.369164,-0.125540,-0.545111,1.666667,2.250000,2.900000,3.424167,3.857833
Member,1,Tuesday,12,52.000000,2.255128,0.216667,6.033333,1.174263,0.162841,1.378895,0.520708,1.097096,2.395862,1.570833,2.208333,2.900000,4.031667,5.990833
Member,1,Tuesday,13,52.000000,1.936859,0.183333,4.533333,1.092569,0.151512,1.193707,0.564093,0.422376,-0.225057,1.141667,2.000000,2.591667,3.891667,4.490833
Member,1,Tuesday,14,52.000000,1.599679,0.483333,3.483333,0.756284,0.104878,0.571966,0.472772,0.483211,-0.745524,0.941667,1.408333,2.250000,2.773333,3.287833
Member,1,Tuesday,15,52.000000,1.872436,0.433333,4.000000,0.828883,0.114945,0.687047,0.442676,0.399356,-0.069563,1.141667,2.000000,2.283333,3.133333,3.940500
Member,1,Tuesday,16,52.000000,3.694231,1.850000,6.666667,1.157404,0.160503,1.339585,0.313300,0.491788,-0.326116,2.812500,3.691667,4.500000,5.548333,6.513667
Member,1,Tuesday,17,52.000000,5.908333,2.483333,11.066667,2.032287,0.281828,4.130191,0.343970,0.378818,-0.124261,4.291667,6.050000,7.000000,9.625833,10.684167
Member,1,Tuesday,18,52.000000,3.959295,0.500000,7.166667,1.593329,0.220955,2.538697,0.402427,0.023240,-0.564763,2.779167,4.100000,4.900000,6.569167,6.979667
Member,1,Tuesday,19,52.000000,2.302885,0.200000,5.466667,1.182188,0.163940,1.397568,0.513351,0.541077,-0.182200,1.516667,2.058333,3.241667,4.261667,5.177667
Member,1,Tuesday,20,52.000000,1.450641,0.000000,3.916667,0.904876,0.125484,0.818801,0.623777,0.714952,0.514702,0.858333,1.341667,1.954167,3.067500,3.857167
Member,1,Tuesday,21,52.000000,1.084295,0.050000,3.616667,0.788786,0.109385,0.622183,0.727464,1.181155,1.437866,0.554167,0.925000,1.416667,2.663333,3.310667
Member,1,Tuesday,22,52.000000,0.602244,0.000000,2.600000,0.469146,0.065059,0.220098,0.778998,1.663449,5.091706,0.316667,0.516667,0.854167,1.290833,1.971000
Member,1,Tuesday,23,52.000000,0.403526,0.000000,1.050000,0.290187,0.040242,0.084208,0.719129,0.666643,-0.478030,0.195833,0.316667,0.570833,0.961667,1.041500
Member,2,Wednesday,0,52.000000,0.143910,0.000000,0.900000,0.167124,0.023176,0.027931,1.161311,2.183588,7.141363,0.029167,0.083333,0.233333,0.424167,0.687500
Member,2,Wednesday,1,52.000000,0.083333,0.000000,0.600000,0.121043,0.016786,0.014651,1.452516,2.001709,5.328088,0.000000,0.000000,0.125000,0.290833,0.455500
Member,2,Wednesday,2,52.000000,0.015064,0.000000,0.200000,0.037669,0.005224,0.001419,2.500577,3.197307,11.711387,0.000000,0.000000,0.000000,0.090833,0.157500
Member,2,Wednesday,3,52.000000,0.004487,0.000000,0.083333,0.016208,0.002248,0.000263,3.612038,3.947520,15.337201,0.000000,0.000000,0.000000,0.031667,0.074833
Member,2,Wednesday,4,52.000000,0.194231,0.000000,0.516667,0.136797,0.018970,0.018713,0.704300,0.393652,-0.326550,0.116667,0.183333,0.270833,0.424167,0.508167
Member,2,Wednesday,5,52.000000,0.311218,0.000000,0.833333,0.212099,0.029413,0.044986,0.681513,0.695338,-0.181530,0.183333,0.275000,0.466667,0.715000,0.782333
Member,2,Wednesday,6,52.000000,0.831731,0.116667,2.900000,0.513640,0.071229,0.263826,0.617556,1.508352,4.070281,0.483333,0.741667,1.087500,1.617500,2.458000
Member,2,Wednesday,7,52.000000,3.216667,0.500000,5.566667,1.051029,0.145752,1.104662,0.326745,-0.256619,-0.151520,2.458333,3.283333,4.075000,4.654167,5.150167
Member,2,Wednesday,8,52.000000,6.038782,1.733333,9.650000,1.820444,0.252450,3.314017,0.301459,0.002881,-0.475021,4.725000,5.841667,7.595833,9.055833,9.607500
Member,2,Wednesday,9,52.000000,4.637821,2.000000,7.433333,1.289822,0.178866,1.663640,0.278109,0.169898,-0.424804,3.658333,4.641667,5.554167,6.873333,7.407833
Member,2,Wednesday,10,52.000000,2.533974,1.033333,5.166667,0.916461,0.127090,0.839902,0.361670,0.642596,0.154946,1.854167,2.358333,3.058333,4.021667,4.894667
Member,2,Wednesday,11,52.000000,2.275321,0.516667,4.950000,1.104376,0.153149,1.219646,0.485372,0.577012,-0.511971,1.429167,2.041667,3.104167,4.226667,4.669500
Member,2,Wednesday,12,52.000000,2.286538,0.500000,4.250000,0.921039,0.127725,0.848312,0.402809,0.268007,-0.567008,1.662500,2.250000,2.833333,3.931667,4.131000
Member,2,Wednesday,13,52.000000,1.881090,0.283333,3.900000,0.942827,0.130747,0.888922,0.501213,0.389791,-0.848654,1.191667,1.633333,2.587500,3.500000,3.713000
Member,2,Wednesday,14,52.000000,1.616346,0.200000,3.433333,0.708319,0.098226,0.501716,0.438222,0.361477,-0.107295,1.166667,1.583333,2.162500,2.809167,3.254833
Member,2,Wednesday,15,52.000000,2.033974,0.433333,4.583333,0.909511,0.126127,0.827211,0.447160,0.536665,0.197994,1.308333,2.000000,2.541667,3.527500,4.328333
Member,2,Wednesday,16,52.000000,3.834615,1.650000,6.666667,1.265702,0.175521,1.602003,0.330073,0.358238,-0.656623,2.812500,3.700000,4.812500,6.030833,6.513667
Member,2,Wednesday,17,52.000000,6.463782,0.950000,12.616667,2.542175,0.352536,6.462655,0.393295,0.147130,-0.109774,4.845833,6.025000,8.150000,10.435833,12.123667
Member,2,Wednesday,18,52.000000,4.351603,0.533333,8.066667,1.780138,0.246861,3.168892,0.409076,0.090774,-0.784460,3.191667,3.916667,5.854167,7.122500,7.616167
Member,2,Wednesday,19,52.000000,2.769872,0.283333,6.483333,1.508632,0.209210,2.275970,0.544658,0.362430,-0.433436,1.729167,2.591667,3.770833,5.281667,6.117833
Member,2,Wednesday,20,52.000000,1.582051,0.000000,4.200000,0.931381,0.129159,0.867471,0.588718,0.528635,0.426510,0.925000,1.566667,2.104167,3.115000,3.987500
Member,2,Wednesday,21,52.000000,1.317949,0.233333,4.716667,0.945249,0.131082,0.893495,0.717212,1.541221,2.667356,0.679167,0.975000,1.737500,3.047500,4.240667
Member,2,Wednesday,22,52.000000,0.701282,0.016667,2.016667,0.470107,0.065192,0.221001,0.670354,0.771877,0.323236,0.300000,0.633333,0.970833,1.545833,1.931667
Member,2,Wednesday,23,52.000000,0.428205,0.000000,1.750000,0.357651,0.049597,0.127914,0.835233,1.453872,2.616476,0.166667,0.350000,0.620833,1.113333,1.469500
Member,3,Thursday,0,53.000000,0.185220,0.000000,0.750000,0.169169,0.023237,0.028618,0.913341,1.299373,2.257616,0.066667,0.183333,0.250000,0.436667,0.724000
Member,3,Thursday,1,53.000000,0.081447,0.000000,0.383333,0.107798,0.014807,0.011620,1.323537,1.235188,0.522046,0.000000,0.016667,0.150000,0.280000,0.374667
Member,3,Thursday,2,53.000000,0.065723,0.000000,0.483333,0.116731,0.016034,0.013626,1.776105,2.176312,4.363177,0.000000,0.000000,0.083333,0.316667,0.466000
Member,3,Thursday,3,53.000000,0.026101,0.000000,0.400000,0.072317,0.009934,0.005230,2.770714,3.530566,14.206059,0.000000,0.000000,0.000000,0.173333,0.304667
Member,3,Thursday,4,53.000000,0.177044,0.000000,0.733333,0.167983,0.023074,0.028218,0.948820,1.266909,2.089424,0.000000,0.200000,0.233333,0.523333,0.690000
Member,3,Thursday,5,53.000000,0.302201,0.000000,0.866667,0.250022,0.034343,0.062511,0.827337,0.735369,-0.443840,0.133333,0.250000,0.400000,0.773333,0.840667
Member,3,Thursday,6,53.000000,0.817610,0.000000,1.866667,0.426993,0.058652,0.182323,0.522245,0.215547,0.076779,0.583333,0.800000,1.083333,1.580000,1.797333
Member,3,Thursday,7,53.000000,3.067610,0.000000,6.600000,1.413070,0.194100,1.996767,0.460642,-0.209154,-0.017257,2.266667,3.233333,3.900000,5.140000,5.889333
Member,3,Thursday,8,53.000000,5.969497,0.016667,9.516667,2.055007,0.282277,4.223053,0.344251,-1.193390,1.473899,5.200000,6.483333,7.150000,8.473333,9.014000
Member,3,Thursday,9,53.000000,4.688679,0.000000,7.216667,1.647884,0.226354,2.715521,0.351460,-0.878648,0.518301,3.733333,4.950000,5.950000,6.573333,7.112667
Member,3,Thursday,10,53.000000,2.587736,0.016667,5.333333,1.083645,0.148850,1.174286,0.418762,0.070169,0.440220,2.016667,2.500000,3.233333,4.263333,5.090667
Member,3,Thursday,11,53.000000,2.233333,0.283333,4.783333,1.045687,0.143636,1.093462,0.468218,0.328374,0.035394,1.466667,2.183333,2.900000,4.076667,4.731333
Member,3,Thursday,12,53.000000,2.322327,0.266667,5.116667,1.118124,0.153586,1.250202,0.481467,0.244085,-0.052080,1.600000,2.266667,2.933333,4.246667,4.952000
Member,3,Thursday,13,53.000000,2.199686,0.516667,4.466667,1.030115,0.141497,1.061138,0.468301,0.498494,-0.472559,1.350000,2.016667,2.800000,4.183333,4.388667
Member,3,Thursday,14,53.000000,1.659119,0.250000,5.000000,0.900810,0.123736,0.811459,0.542945,0.893929,2.450831,1.000000,1.783333,2.183333,2.800000,4.306667
Member,3,Thursday,15,53.000000,2.226101,0.000000,4.166667,1.004459,0.137973,1.008937,0.451219,-0.277741,-0.669016,1.383333,2.350000,2.850000,3.750000,4.002000
Member,3,Thursday,16,53.000000,3.466981,0.000000,8.450000,1.539787,0.211506,2.370945,0.444129,0.598985,1.773303,2.700000,3.400000,4.350000,5.326667,8.025333
Member,3,Thursday,17,53.000000,6.106289,0.000000,13.050000,2.773384,0.380954,7.691658,0.454185,-0.098104,-0.100519,4.133333,6.233333,7.966667,9.913333,11.862667
Member,3,Thursday,18,53.000000,4.165094,0.000000,8.150000,1.847154,0.253726,3.411979,0.443484,-0.312758,-0.228686,2.966667,4.383333,5.400000,6.593333,7.838000
Member,3,Thursday,19,53.000000,2.386792,0.000000,5.316667,1.357656,0.186488,1.843230,0.568820,0.270143,-0.704870,1.366667,2.300000,3.333333,4.606667,5.273333
Member,3,Thursday,20,53.000000,1.564151,0.000000,5.850000,1.128129,0.154960,1.272675,0.721241,1.510578,3.409527,0.800000,1.366667,1.900000,3.656667,5.174000
Member,3,Thursday,21,53.000000,1.094969,0.050000,3.316667,0.749691,0.102978,0.562036,0.684669,0.981347,0.706287,0.483333,0.950000,1.416667,2.543333,3.134667
Member,3,Thursday,22,53.000000,0.709119,0.000000,2.850000,0.532848,0.073192,0.283927,0.751422,1.395412,3.657966,0.316667,0.583333,1.050000,1.436667,2.312667
Member,3,Thursday,23,53.000000,0.437107,0.000000,2.183333,0.451773,0.062056,0.204099,1.033552,1.966233,4.782020,0.133333,0.300000,0.650000,1.153333,2.044667
Member,4,Friday,0,52.000000,0.218590,0.000000,1.000000,0.231638,0.032122,0.053656,1.059695,1.681117,3.066589,0.033333,0.158333,0.333333,0.671667,0.966000
Member,4,Friday,1,52.000000,0.122436,0.000000,1.066667,0.201678,0.027968,0.040674,1.647215,2.607318,8.769908,0.000000,0.000000,0.170833,0.498333,0.811667
Member,4,Friday,2,52.000000,0.087179,0.000000,0.800000,0.143547,0.019906,0.020606,1.646572,2.835080,11.095931,0.000000,0.000000,0.120833,0.307500,0.579000
Member,4,Friday,3,52.000000,0.040385,0.000000,1.000000,0.148901,0.020649,0.022172,3.687074,5.679461,35.396358,0.000000,0.000000,0.000000,0.157500,0.677000
Member,4,Friday,4,52.000000,0.191026,0.000000,0.683333,0.175438,0.024329,0.030778,0.918400,1.063837,1.242790,0.000000,0.183333,0.266667,0.567500,0.674833
Member,4,Friday,5,52.000000,0.253526,0.000000,1.116667,0.242049,0.033566,0.058588,0.954730,1.185822,1.864193,0.062500,0.191667,0.416667,0.655833,0.955167
Member,4,Friday,6,52.000000,0.702244,0.000000,1.433333,0.356591,0.049450,0.127157,0.507788,0.095802,-0.416528,0.479167,0.716667,0.950000,1.326667,1.433333
Member,4,Friday,7,52.000000,2.937179,0.000000,5.466667,1.186180,0.164494,1.407022,0.403850,-0.138503,0.160548,2.291667,2.900000,3.625000,4.812500,5.415667
Member,4,Friday,8,52.000000,5.271795,0.083333,9.116667,1.972161,0.273489,3.889418,0.374097,-0.594588,0.302192,4.100000,5.358333,6.816667,7.972500,8.615167
Member,4,Friday,9,52.000000,4.341667,0.500000,10.583333,1.731688,0.240142,2.998742,0.398853,0.624508,2.776558,3.516667,4.450000,5.137500,6.703333,9.333833
Member,4,Friday,10,52.000000,2.369551,0.350000,6.900000,1.047971,0.145327,1.098243,0.442266,1.661479,6.119914,1.708333,2.391667,2.812500,4.030000,5.820500
Member,4,Friday,11,52.000000,2.119551,0.233333,4.966667,0.993890,0.137828,0.987818,0.468916,0.764990,0.657925,1.425000,2.000000,2.575000,4.157500,4.686167
Member,4,Friday,12,52.000000,2.286859,0.200000,5.233333,1.116637,0.154850,1.246877,0.488284,0.465078,-0.085686,1.437500,2.166667,2.954167,4.081667,4.918833
Member,4,Friday,13,52.000000,2.099359,0.216667,4.283333,1.002355,0.139002,1.004716,0.477458,0.453338,-0.539874,1.333333,1.991667,2.816667,3.996667,4.206833
Member,4,Friday,14,52.000000,1.640705,0.000000,4.383333,0.870238,0.120680,0.757314,0.530405,0.466925,0.699043,1.062500,1.583333,2.170833,2.820833,3.864833
Member,4,Friday,15,52.000000,2.292628,0.200000,5.000000,1.109139,0.153810,1.230190,0.483785,0.191600,-0.274154,1.537500,2.250000,3.045833,4.025833,4.855500
Member,4,Friday,16,52.000000,3.662821,0.000000,7.100000,1.513151,0.209836,2.289625,0.413111,0.013457,-0.327665,2.529167,3.600000,4.829167,6.040000,6.743000
Member,4,Friday,17,52.000000,5.118269,0.000000,9.550000,2.037712,0.282580,4.152269,0.398125,0.165199,0.313277,3.970833,4.650000,6.225000,8.904167,9.448000
Member,4,Friday,18,52.000000,3.602885,0.000000,9.450000,1.764938,0.244753,3.115008,0.489868,0.708805,1.894254,2.562500,3.483333,4.466667,6.287500,8.727500
Member,4,Friday,19,52.000000,1.975321,0.000000,4.833333,1.137873,0.157795,1.294755,0.576045,0.378534,-0.266961,0.979167,1.975000,2.700000,3.781667,4.748333
Member,4,Friday,20,52.000000,1.398397,0.000000,3.683333,0.868596,0.120453,0.754458,0.621136,0.345246,-0.591225,0.641667,1.291667,2.091667,2.713333,3.343333
Member,4,Friday,21,52.000000,1.169872,0.000000,2.900000,0.732947,0.101642,0.537212,0.626519,0.488600,-0.574698,0.591667,1.100000,1.666667,2.411667,2.832000
Member,4,Friday,22,52.000000,0.820833,0.000000,3.700000,0.660963,0.091659,0.436872,0.805234,2.009022,6.168621,0.404167,0.700000,1.037500,2.011667,2.935000
Member,4,Friday,23,52.000000,0.476282,0.000000,1.616667,0.380808,0.052809,0.145015,0.799543,0.851633,0.626307,0.150000,0.483333,0.654167,1.228333,1.480667
Member,5,Saturday,0,52.000000,0.338782,0.000000,0.966667,0.254239,0.035257,0.064637,0.750450,0.531679,-0.441183,0.129167,0.316667,0.483333,0.807500,0.915667
Member,5,Saturday,1,52.000000,0.264423,0.000000,1.000000,0.233287,0.032351,0.054423,0.882250,1.438114,2.704319,0.083333,0.258333,0.337500,0.710833,1.000000
Member,5,Saturday,2,52.000000,0.151282,0.000000,0.583333,0.147818,0.020499,0.021850,0.977102,0.847497,0.117779,0.000000,0.133333,0.250000,0.431667,0.515333
Member,5,Saturday,3,52.000000,0.043269,0.000000,0.233333,0.072028,0.009988,0.005188,1.664644,1.498286,0.928932,0.000000,0.000000,0.070833,0.207500,0.224833
Member,5,Saturday,4,52.000000,0.040705,0.000000,0.450000,0.100566,0.013946,0.010113,2.470588,2.658544,6.489736,0.000000,0.000000,0.000000,0.290833,0.382000
Member,5,Saturday,5,52.000000,0.087500,0.000000,0.500000,0.123796,0.017167,0.015325,1.414811,1.721629,2.452003,0.000000,0.033333,0.120833,0.354167,0.457500
Member,5,Saturday,6,52.000000,0.256090,0.000000,1.083333,0.258579,0.035858,0.066863,1.009720,1.679881,2.765582,0.100000,0.183333,0.316667,0.817500,1.066333
Member,5,Saturday,7,52.000000,0.351603,0.000000,1.133333,0.292131,0.040511,0.085341,0.830856,0.905422,0.083282,0.116667,0.316667,0.487500,0.890833,1.065333
Member,5,Saturday,8,52.000000,0.855449,0.033333,3.633333,0.777851,0.107868,0.605051,0.909289,1.970066,4.369775,0.408333,0.583333,1.216667,2.410833,3.446333
Member,5,Saturday,9,52.000000,1.068590,0.000000,2.916667,0.644278,0.089345,0.415094,0.602924,0.633448,0.365875,0.612500,1.008333,1.420833,2.180000,2.712667
Member,5,Saturday,10,52.000000,1.605449,0.200000,3.866667,0.894572,0.124055,0.800258,0.557210,0.323816,-0.523519,0.912500,1.575000,2.241667,2.975833,3.569167
Member,5,Saturday,11,52.000000,1.572436,0.200000,4.950000,1.025614,0.142227,1.051883,0.652245,1.391374,2.156427,0.833333,1.341667,2.004167,3.485000,4.729000
Member,5,Saturday,12,52.000000,1.857051,0.050000,7.866667,1.279001,0.177365,1.635843,0.688727,2.280276,8.824624,1.116667,1.691667,2.283333,3.639167,6.328167
Member,5,Saturday,13,52.000000,2.030128,0.116667,4.733333,1.103949,0.153090,1.218704,0.543783,0.382743,-0.183637,1.350000,2.000000,2.637500,3.811667,4.639833
Member,5,Saturday,14,52.000000,1.970513,0.283333,5.083333,1.123242,0.155766,1.261673,0.570025,1.005603,0.927600,1.283333,1.908333,2.341667,4.425833,4.930333
Member,5,Saturday,15,52.000000,1.939423,0.100000,5.916667,1.149581,0.159418,1.321536,0.592744,1.026324,1.518360,1.129167,1.758333,2.558333,3.900833,4.990167
Member,5,Saturday,16,52.000000,2.025000,0.216667,7.150000,1.338375,0.185599,1.791247,0.660926,1.653702,4.075979,1.200000,1.575000,2.662500,4.027500,6.597500
Member,5,Saturday,17,52.000000,2.015385,0.050000,7.083333,1.516294,0.210272,2.299149,0.752360,1.199129,1.901483,0.883333,1.891667,2.537500,4.911667,6.513833
Member,5,Saturday,18,52.000000,1.558654,0.000000,5.333333,1.115583,0.154704,1.244526,0.715735,0.957140,1.220614,0.808333,1.341667,2.312500,3.482500,4.534333
Member,5,Saturday,19,52.000000,1.244551,0.000000,3.233333,0.868310,0.120413,0.753962,0.697689,0.665383,-0.577838,0.508333,1.091667,1.850000,2.890833,3.105833
Member,5,Saturday,20,52.000000,0.913782,0.000000,3.016667,0.735378,0.101979,0.540781,0.804763,1.244145,1.195807,0.425000,0.733333,1.204167,2.582500,2.931667
Member,5,Saturday,21,52.000000,0.860577,0.000000,6.216667,1.102686,0.152915,1.215915,1.281333,2.989433,11.362344,0.179167,0.533333,1.229167,2.740833,5.171167
Member,5,Saturday,22,52.000000,0.737500,0.000000,3.283333,0.649374,0.090052,0.421687,0.880508,1.566195,3.578228,0.241667,0.600000,1.112500,2.008333,2.696833
Member,5,Saturday,23,52.000000,0.519872,0.000000,1.850000,0.519406,0.072029,0.269783,0.999104,1.135249,0.305255,0.108333,0.375000,0.704167,1.538333,1.833000
Member,6,Sunday,0,52.000000,0.293590,0.000000,1.333333,0.295669,0.041002,0.087420,1.007081,1.311902,1.998248,0.066667,0.233333,0.500000,0.750833,1.188833
Member,6,Sunday,1,52.000000,0.192949,0.000000,0.966667,0.230760,0.032001,0.053250,1.195963,1.818064,3.456934,0.000000,0.125000,0.266667,0.680000,0.958167
Member,6,Sunday,2,52.000000,0.146474,0.000000,0.716667,0.161398,0.022382,0.026049,1.101888,1.511413,2.466772,0.000000,0.116667,0.233333,0.452500,0.640167
Member,6,Sunday,3,52.000000,0.041346,0.000000,0.366667,0.080676,0.011188,0.006509,1.951232,2.392653,5.829334,0.000000,0.000000,0.066667,0.224167,0.324167
Member,6,Sunday,4,52.000000,0.017949,0.000000,0.366667,0.058564,0.008121,0.003430,3.262830,4.640451,25.203350,0.000000,0.000000,0.000000,0.107500,0.247667
Member,6,Sunday,5,52.000000,0.024038,0.000000,0.366667,0.058802,0.008154,0.003458,2.446159,4.236694,22.630769,0.000000,0.000000,0.008333,0.098333,0.239167
Member,6,Sunday,6,52.000000,0.136218,0.000000,0.650000,0.143057,0.019838,0.020465,1.050208,1.412832,2.388347,0.000000,0.116667,0.216667,0.404167,0.565000
Member,6,Sunday,7,52.000000,0.288782,0.000000,1.000000,0.224378,0.031116,0.050346,0.776981,1.183729,1.717753,0.170833,0.241667,0.337500,0.702500,0.957500
Member,6,Sunday,8,52.000000,0.741667,0.000000,3.900000,0.644412,0.089364,0.415267,0.868870,2.592151,10.618317,0.295833,0.625000,0.979167,1.481667,3.067000
Member,6,Sunday,9,52.000000,1.123077,0.183333,4.050000,0.796651,0.110476,0.634653,0.709347,1.481612,3.258080,0.500000,1.016667,1.454167,2.219167,3.769500
Member,6,Sunday,10,52.000000,1.198077,0.150000,3.266667,0.704759,0.097732,0.496685,0.588242,0.715625,0.262964,0.662500,1.050000,1.612500,2.464167,2.969167
Member,6,Sunday,11,52.000000,1.374038,0.266667,3.350000,0.724474,0.100466,0.524863,0.527259,0.697610,0.345931,0.979167,1.216667,1.920833,2.665833,3.273500
Member,6,Sunday,12,52.000000,1.597115,0.000000,4.533333,1.166325,0.161740,1.360313,0.730269,0.937761,0.243762,0.708333,1.341667,2.133333,3.985000,4.524833
Member,6,Sunday,13,52.000000,1.904487,0.000000,6.966667,1.369657,0.189937,1.875960,0.719174,1.407009,2.401210,1.054167,1.466667,2.487500,4.245000,5.768167
Member,6,Sunday,14,52.000000,1.564744,0.000000,4.366667,1.028158,0.142580,1.057110,0.657078,0.623602,-0.305732,0.754167,1.316667,2.412500,3.229167,3.984167
Member,6,Sunday,15,52.000000,1.775321,0.050000,4.716667,1.142912,0.158493,1.306247,0.643778,0.706503,-0.334067,0.908333,1.416667,2.595833,3.824167,4.436167
Member,6,Sunday,16,52.000000,1.814423,0.233333,6.166667,1.222060,0.169469,1.493432,0.673526,1.488952,2.832803,0.945833,1.516667,2.266667,4.123333,5.648167
Member,6,Sunday,17,52.000000,1.538462,0.033333,3.850000,0.964730,0.133784,0.930703,0.627074,0.396066,-0.407293,0.862500,1.416667,2.154167,3.330000,3.629000
Member,6,Sunday,18,52.000000,1.266987,0.000000,2.900000,0.754236,0.104594,0.568872,0.595299,0.215815,-0.743180,0.716667,1.225000,1.795833,2.424167,2.866000
Member,6,Sunday,19,52.000000,0.872756,0.000000,3.116667,0.685168,0.095016,0.469456,0.785063,1.327189,2.076834,0.383333,0.808333,1.233333,2.221667,2.938167
Member,6,Sunday,20,52.000000,0.778846,0.000000,3.450000,0.808109,0.112065,0.653040,1.037572,1.444352,1.843052,0.179167,0.558333,1.066667,2.460833,3.127000
Member,6,Sunday,21,52.000000,0.553526,0.000000,2.366667,0.528474,0.073286,0.279285,0.954742,1.282969,1.648190,0.116667,0.400000,0.816667,1.525000,2.069167
Member,6,Sunday,22,52.000000,0.307692,0.000000,1.600000,0.315235,0.043715,0.099373,1.024514,1.781223,4.633435,0.066667,0.208333,0.454167,0.795000,1.345000
Member,6,Sunday,23,52.000000,0.228526,0.000000,1.050000,0.260704,0.036153,0.067967,1.140809,1.757368,2.668705,0.066667,0.150000,0.287500,0.832500,1.016000
Short-Term Pass Holder,0,Monday,0,52.000000,0.622756,0.000000,4.200000,0.992680,0.137660,0.985414,1.594011,1.857604,3.059972,0.000000,0.000000,0.866667,2.798333,3.681500
Short-Term Pass Holder,0,Monday,1,52.000000,0.376603,0.000000,4.250000,0.915339,0.126935,0.837846,2.430518,3.015906,9.004797,0.000000,0.000000,0.162500,2.405000,3.935500
Short-Term Pass Holder,0,Monday,2,52.000000,0.316667,0.000000,4.333333,0.715545,0.099228,0.512004,2.259615,3.974577,19.539763,0.000000,0.000000,0.308333,1.513333,3.032833
Short-Term Pass Holder,0,Monday,3,52.000000,0.358974,0.000000,5.333333,1.017925,0.141161,1.036171,2.835647,3.664661,14.346419,0.000000,0.000000,0.000000,1.909167,4.772333
Short-Term Pass Holder,0,Monday,4,52.000000,0.140385,0.000000,2.150000,0.391472,0.054287,0.153250,2.788564,3.479969,13.803589,0.000000,0.000000,0.000000,0.940833,1.563500
Short-Term Pass Holder,0,Monday,5,52.000000,0.126923,0.000000,1.000000,0.255232,0.035394,0.065143,2.010917,2.074964,3.255097,0.000000,0.000000,0.116667,0.716667,0.923500
Short-Term Pass Holder,0,Monday,6,52.000000,0.158654,0.000000,1.650000,0.331523,0.045974,0.109907,2.089598,2.938061,9.376417,0.000000,0.000000,0.158333,0.809167,1.437500
Short-Term Pass Holder,0,Monday,7,52.000000,0.415705,0.000000,2.633333,0.595896,0.082636,0.355092,1.433458,2.158085,4.792875,0.000000,0.191667,0.545833,1.689167,2.497333
Short-Term Pass Holder,0,Monday,8,52.000000,0.965385,0.000000,5.000000,1.136443,0.157596,1.291502,1.177191,1.992302,4.291119,0.112500,0.733333,1.258333,3.657500,4.804500
Short-Term Pass Holder,0,Monday,9,52.000000,2.046154,0.000000,13.133333,2.500119,0.346704,6.250595,1.221863,2.380659,7.274719,0.262500,1.308333,2.587500,6.917500,10.719333
Short-Term Pass Holder,0,Monday,10,52.000000,3.444551,0.000000,18.200000,4.000675,0.554794,16.005400,1.161450,1.789050,3.322001,0.679167,1.883333,5.033333,11.449167,16.066500
Short-Term Pass Holder,0,Monday,11,52.000000,4.624038,0.000000,18.600000,4.477494,0.620917,20.047957,0.968308,1.297719,1.632720,1.112500,3.350000,6.812500,13.397500,17.614000
Short-Term Pass Holder,0,Monday,12,52.000000,5.863462,0.000000,25.150000,5.517285,0.765110,30.440436,0.940960,1.411108,2.337672,1.395833,4.975000,7.720833,16.593333,22.268500
Short-Term Pass Holder,0,Monday,13,52.000000,6.643590,0.000000,24.083333,6.170743,0.855728,38.078074,0.928827,1.043512,0.556943,1.362500,5.291667,10.258333,20.405833,22.519333
Short-Term Pass Holder,0,Monday,14,52.000000,7.454808,0.000000,33.383333,8.231285,1.141474,67.754045,1.104158,1.519000,2.212456,1.487500,4.366667,12.050000,24.044167,32.788333
Short-Term Pass Holder,0,Monday,15,52.000000,7.713141,0.000000,38.183333,8.979241,1.245197,80.626768,1.164148,1.914653,3.694826,1.420833,4.625000,10.879167,27.535833,37.477833
Short-Term Pass Holder,0,Monday,16,52.000000,7.500000,0.000000,31.800000,7.704404,1.068409,59.357843,1.027254,1.463522,1.950919,1.483333,5.625000,10.912500,23.936667,30.593000
Short-Term Pass Holder,0,Monday,17,52.000000,6.741026,0.000000,28.183333,6.909575,0.958186,47.742227,1.025004,1.380070,1.477353,1.408333,5.875000,8.241667,22.487500,25.811833
Short-Term Pass Holder,0,Monday,18,52.000000,5.252244,0.000000,25.433333,5.960018,0.826506,35.521819,1.134757,1.750642,3.197155,0.812500,3.958333,6.891667,17.175000,24.260333
Short-Term Pass Holder,0,Monday,19,52.000000,4.343910,0.000000,22.333333,5.231983,0.725546,27.373650,1.204441,1.683389,2.726691,0.270833,3.100000,5.937500,15.861667,20.301833
Short-Term Pass Holder,0,Monday,20,52.000000,3.175000,0.000000,21.150000,4.526343,0.627691,20.487783,1.425620,2.218595,5.539277,0.025000,1.333333,4.770833,10.365000,19.569000
Short-Term Pass Holder,0,Monday,21,52.000000,1.713462,0.000000,8.700000,2.255463,0.312776,5.087114,1.316320,1.536769,1.470208,0.000000,0.658333,2.250000,6.895000,7.824500
Short-Term Pass Holder,0,Monday,22,52.000000,0.990705,0.000000,6.016667,1.432575,0.198662,2.052270,1.446015,2.424886,5.897719,0.087500,0.466667,1.250000,4.443333,5.940167
Short-Term Pass Holder,0,Monday,23,52.000000,0.654487,0.000000,4.266667,0.963366,0.133595,0.928073,1.471940,1.897945,3.565182,0.000000,0.183333,1.000000,2.843333,3.603667
Short-Term Pass Holder,1,Tuesday,0,52.000000,0.526282,0.000000,4.566667,1.121615,0.155540,1.258021,2.131206,2.505126,5.511902,0.000000,0.000000,0.420833,3.598333,4.328667
Short-Term Pass Holder,1,Tuesday,1,52.000000,0.494872,0.000000,4.950000,1.165670,0.161649,1.358786,2.355498,2.755237,6.916783,0.000000,0.000000,0.204167,3.642500,4.652500
Short-Term Pass Holder,1,Tuesday,2,52.000000,0.214103,0.000000,4.000000,0.713566,0.098954,0.509176,3.332823,4.217624,18.424531,0.000000,0.000000,0.008333,1.340000,3.337000
Short-Term Pass Holder,1,Tuesday,3,52.000000,0.082692,0.000000,2.066667,0.331957,0.046034,0.110196,4.014368,5.134963,27.806590,0.000000,0.000000,0.000000,0.331667,1.624667
Short-Term Pass Holder,1,Tuesday,4,52.000000,0.039744,0.000000,1.016667,0.173712,0.024090,0.030176,4.370826,5.011586,25.045890,0.000000,0.000000,0.000000,0.089167,0.880667
Short-Term Pass Holder,1,Tuesday,5,52.000000,0.110577,0.000000,1.983333,0.315884,0.043805,0.099782,2.856686,4.649124,25.041325,0.000000,0.000000,0.087500,0.591667,1.405333
Short-Term Pass Holder,1,Tuesday,6,52.000000,0.157372,0.000000,1.466667,0.301637,0.041830,0.090985,1.916716,3.179462,11.295640,0.000000,0.000000,0.233333,0.585833,1.432667
Short-Term Pass Holder,1,Tuesday,7,52.000000,0.393910,0.000000,2.116667,0.509432,0.070646,0.259521,1.293269,1.541737,2.015354,0.000000,0.166667,0.645833,1.330833,1.938167
Short-Term Pass Holder,1,Tuesday,8,52.000000,0.758974,0.000000,5.300000,1.021956,0.141720,1.044395,1.346497,2.415566,7.184097,0.120833,0.433333,0.962500,2.843333,4.229000
Short-Term Pass Holder,1,Tuesday,9,52.000000,1.407051,0.000000,7.066667,1.509247,0.209295,2.277825,1.072631,1.481889,2.657818,0.270833,0.825000,2.391667,4.047500,5.927667
Short-Term Pass Holder,1,Tuesday,10,52.000000,1.983654,0.000000,8.633333,2.078551,0.288243,4.320376,1.047840,1.278977,1.367095,0.345833,1.283333,3.141667,6.098333,8.029833
Short-Term Pass Holder,1,Tuesday,11,52.000000,3.366667,0.000000,14.933333,3.025723,0.419592,9.155000,0.898730,1.463795,3.062306,1.000000,2.866667,4.495833,8.065833,12.689333
Short-Term Pass Holder,1,Tuesday,12,52.000000,4.268269,0.000000,13.916667,4.117853,0.571043,16.956713,0.964759,0.884339,-0.382582,0.920833,2.325000,7.166667,12.112500,13.780667
Short-Term Pass Holder,1,Tuesday,13,52.000000,4.248718,0.000000,16.366667,4.144195,0.574697,17.174356,0.975399,0.966900,0.200112,0.716667,2.916667,6.783333,11.585833,14.845167
Short-Term Pass Holder,1,Tuesday,14,52.000000,5.731090,0.000000,18.050000,5.038580,0.698725,25.387288,0.879166,0.648321,-0.767721,1.383333,4.200000,10.316667,14.336667,16.800500
Short-Term Pass Holder,1,Tuesday,15,52.000000,6.187500,0.000000,22.916667,5.853430,0.811725,34.262646,0.946009,0.938548,0.284822,1.529167,3.991667,10.554167,15.273333,22.270667
Short-Term Pass Holder,1,Tuesday,16,52.000000,5.031731,0.000000,18.350000,5.186576,0.719249,26.900569,1.030774,0.903410,-0.378719,0.595833,2.750000,8.808333,13.840000,17.508500
Short-Term Pass Holder,1,Tuesday,17,52.000000,4.666667,0.000000,16.250000,4.471981,0.620152,19.998617,0.958282,0.949533,0.069994,0.887500,3.716667,6.725000,13.315000,15.850500
Short-Term Pass Holder,1,Tuesday,18,52.000000,4.323718,0.000000,17.716667,4.817660,0.668089,23.209851,1.114240,1.321415,1.047561,0.483333,2.841667,6.137500,15.125000,17.444667
Short-Term Pass Holder,1,Tuesday,19,52.000000,3.440064,0.000000,15.866667,4.427497,0.613983,19.602726,1.287039,1.263726,0.355233,0.112500,1.366667,5.433333,12.085833,14.617167
Short-Term Pass Holder,1,Tuesday,20,52.000000,2.304487,0.000000,12.433333,3.341368,0.463364,11.164740,1.449940,1.643901,1.670784,0.000000,0.616667,2.658333,9.806667,11.685333
Short-Term Pass Holder,1,Tuesday,21,52.000000,1.626923,0.000000,8.683333,2.090786,0.289940,4.371385,1.285117,1.358182,1.271701,0.000000,0.575000,3.004167,5.472500,7.212833
Short-Term Pass Holder,1,Tuesday,22,52.000000,0.966346,0.000000,4.716667,1.417862,0.196622,2.010332,1.467240,1.617859,1.348471,0.000000,0.350000,1.183333,4.235833,4.674167
Short-Term Pass Holder,1,Tuesday,23,52.000000,0.593269,0.000000,4.366667,0.967017,0.134101,0.935123,1.629981,1.888674,3.533901,0.000000,0.075000,0.762500,2.400000,3.431667
Short-Term Pass Holder,2,Wednesday,0,52.000000,0.288782,0.000000,2.783333,0.566472,0.078555,0.320890,1.961589,2.506199,7.192767,0.000000,0.000000,0.258333,1.234167,2.324333
Short-Term Pass Holder,2,Wednesday,1,52.000000,0.198718,0.000000,1.983333,0.457101,0.063389,0.208942,2.300252,2.653700,6.446929,0.000000,0.000000,0.141667,1.335833,1.830333
Short-Term Pass Holder,2,Wednesday,2,52.000000,0.153526,0.000000,1.966667,0.388132,0.053824,0.150646,2.528124,3.175026,10.582806,0.000000,0.000000,0.000000,1.087500,1.626667
Short-Term Pass Holder,2,Wednesday,3,52.000000,0.107692,0.000000,2.133333,0.411920,0.057123,0.169678,3.824973,4.465158,19.672723,0.000000,0.000000,0.000000,0.493333,2.065333
Short-Term Pass Holder,2,Wednesday,4,52.000000,0.099359,0.000000,1.166667,0.274079,0.038008,0.075119,2.758475,3.016842,8.055601,0.000000,0.000000,0.012500,0.825833,1.090167
Short-Term Pass Holder,2,Wednesday,5,52.000000,0.204808,0.000000,1.150000,0.340756,0.047254,0.116115,1.663786,1.847505,2.393305,0.000000,0.000000,0.283333,1.107500,1.141500
Short-Term Pass Holder,2,Wednesday,6,52.000000,0.419551,0.000000,4.316667,0.735230,0.101958,0.540563,1.752420,3.319609,14.932500,0.000000,0.100000,0.712500,1.409167,3.092667
Short-Term Pass Holder,2,Wednesday,7,52.000000,0.617308,0.000000,3.533333,0.832797,0.115488,0.693551,1.349079,1.859763,3.373782,0.000000,0.258333,0.870833,2.190833,3.363333
Short-Term Pass Holder,2,Wednesday,8,52.000000,1.066346,0.000000,7.100000,1.392364,0.193086,1.938676,1.305733,2.195369,6.152637,0.154167,0.566667,1.400000,3.214167,5.825000
Short-Term Pass Holder,2,Wednesday,9,52.000000,1.290064,0.000000,5.733333,1.562985,0.216747,2.442922,1.211556,1.459584,1.209773,0.154167,0.633333,1.791667,4.877500,5.444333
Short-Term Pass Holder,2,Wednesday,10,52.000000,2.405449,0.000000,10.666667,2.543857,0.352769,6.471206,1.057539,1.396455,1.568242,0.516667,1.500000,3.529167,6.930000,9.969667
Short-Term Pass Holder,2,Wednesday,11,52.000000,3.169231,0.000000,11.150000,2.949518,0.409025,8.699656,0.930673,0.857059,-0.174731,0.716667,2.233333,5.320833,8.705000,10.368000
Short-Term Pass Holder,2,Wednesday,12,52.000000,3.981410,0.000000,14.600000,3.754751,0.520690,14.098155,0.943071,1.208888,1.095131,1.025000,2.833333,5.858333,11.700833,14.209000
Short-Term Pass Holder,2,Wednesday,13,52.000000,4.108974,0.000000,18.366667,4.410430,0.611617,19.451890,1.073365,1.659240,2.297776,1.087500,2.575000,5.508333,14.218333,17.117167
Short-Term Pass Holder,2,Wednesday,14,52.000000,4.968590,0.000000,15.783333,4.347004,0.602821,18.896445,0.874897,0.847240,-0.222077,1.287500,3.641667,7.391667,12.711667,15.638833
Short-Term Pass Holder,2,Wednesday,15,52.000000,5.929808,0.000000,17.150000,4.857916,0.673672,23.599350,0.819237,0.554829,-0.840447,2.120833,4.783333,9.454167,14.310833,15.892000
Short-Term Pass Holder,2,Wednesday,16,52.000000,5.414423,0.000000,22.566667,5.040351,0.698971,25.405142,0.930912,1.148516,1.201812,1.470833,3.550000,8.970833,14.590000,18.673667
Short-Term Pass Holder,2,Wednesday,17,52.000000,4.933974,0.000000,20.066667,4.753148,0.659143,22.592418,0.963351,1.149385,1.010419,0.808333,3.850000,7.195833,13.970833,18.069167
Short-Term Pass Holder,2,Wednesday,18,52.000000,4.278205,0.000000,14.400000,3.955128,0.548478,15.643034,0.924483,0.745364,-0.484378,0.708333,3.225000,7.095833,11.103333,13.499000
Short-Term Pass Holder,2,Wednesday,19,52.000000,3.305769,0.000000,16.833333,3.676017,0.509772,13.513103,1.112001,1.411771,2.337334,0.200000,1.891667,5.183333,9.794167,13.917833
Short-Term Pass Holder,2,Wednesday,20,52.000000,2.427885,0.000000,11.983333,3.014003,0.417967,9.084213,1.241411,1.380113,1.317229,0.137500,1.116667,4.208333,8.675000,10.963333
Short-Term Pass Holder,2,Wednesday,21,52.000000,1.832051,0.000000,9.166667,2.191427,0.303896,4.802351,1.196160,1.421834,1.545149,0.216667,1.000000,2.858333,6.245833,7.823667
Short-Term Pass Holder,2,Wednesday,22,52.000000,0.851923,0.000000,4.633333,1.203669,0.166919,1.448820,1.412885,1.618766,1.755225,0.000000,0.333333,1.166667,3.403333,4.318833
Short-Term Pass Holder,2,Wednesday,23,52.000000,0.603526,0.000000,5.266667,0.914441,0.126810,0.836202,1.515165,3.068059,12.893329,0.000000,0.325000,0.904167,1.982500,4.025667
Short-Term Pass Holder,3,Thursday,0,53.000000,0.452830,0.000000,3.166667,0.784395,0.107745,0.615275,1.732205,2.006042,3.599690,0.000000,0.000000,0.600000,2.040000,3.080000
Short-Term Pass Holder,3,Thursday,1,53.000000,0.416981,0.000000,4.833333,0.883735,0.121390,0.780988,2.119365,3.018066,11.397539,0.000000,0.000000,0.250000,2.000000,3.403333
Short-Term Pass Holder,3,Thursday,2,53.000000,0.435849,0.000000,6.383333,1.063403,0.146070,1.130827,2.439843,3.962930,19.021456,0.000000,0.000000,0.266667,2.240000,4.502667
Short-Term Pass Holder,3,Thursday,3,53.000000,0.182075,0.000000,3.000000,0.494930,0.067984,0.244956,2.718268,4.093038,20.336270,0.000000,0.000000,0.000000,1.000000,2.038000
Short-Term Pass Holder,3,Thursday,4,53.000000,0.166352,0.000000,2.500000,0.435589,0.059833,0.189738,2.618477,3.604803,15.734591,0.000000,0.000000,0.000000,1.000000,1.746000
Short-Term Pass Holder,3,Thursday,5,53.000000,0.163522,0.000000,2.000000,0.371847,0.051077,0.138270,2.273984,3.206462,11.807524,0.000000,0.000000,0.133333,0.856667,1.592667
Short-Term Pass Holder,3,Thursday,6,53.000000,0.287736,0.000000,2.133333,0.529999,0.072801,0.280899,1.841964,2.177728,4.280933,0.000000,0.000000,0.333333,1.443333,2.064000
Short-Term Pass Holder,3,Thursday,7,53.000000,0.470755,0.000000,3.650000,0.750455,0.103083,0.563183,1.594153,2.387354,6.171491,0.000000,0.183333,0.483333,2.113333,2.982667
Short-Term Pass Holder,3,Thursday,8,53.000000,0.859748,0.000000,3.200000,0.920014,0.126374,0.846426,1.070097,1.069743,0.261769,0.100000,0.533333,1.300000,2.806667,3.182667
Short-Term Pass Holder,3,Thursday,9,53.000000,1.511321,0.000000,4.916667,1.408835,0.193518,1.984816,0.932188,0.888930,-0.255269,0.366667,0.966667,2.500000,4.366667,4.812667
Short-Term Pass Holder,3,Thursday,10,53.000000,2.978616,0.000000,13.700000,2.817890,0.387067,7.940506,0.946040,1.568478,3.007217,0.983333,2.550000,4.000000,8.020000,11.247333
Short-Term Pass Holder,3,Thursday,11,53.000000,4.054403,0.000000,13.000000,3.674856,0.504780,13.504564,0.906386,1.007580,0.109427,1.083333,2.766667,5.600000,11.760000,12.714000
Short-Term Pass Holder,3,Thursday,12,53.000000,4.816038,0.000000,14.100000,4.077568,0.560097,16.626559,0.846664,0.534258,-0.800609,0.816667,4.116667,7.866667,12.500000,13.614667
Short-Term Pass Holder,3,Thursday,13,53.000000,5.639308,0.000000,16.083333,4.293527,0.589761,18.434371,0.761357,0.487349,-0.840650,2.333333,4.816667,9.200000,13.080000,14.783333
Short-Term Pass Holder,3,Thursday,14,53.000000,6.311321,0.000000,16.033333,4.782050,0.656865,22.868000,0.757694,0.287980,-1.161097,1.750000,5.750000,10.466667,14.233333,15.539333
Short-Term Pass Holder,3,Thursday,15,53.000000,7.000943,0.000000,21.550000,6.029591,0.828228,36.355966,0.861254,0.616652,-0.473902,1.166667,7.050000,10.200000,17.676667,21.151333
Short-Term Pass Holder,3,Thursday,16,53.000000,7.087421,0.000000,23.483333,6.017854,0.826616,36.214572,0.849089,0.649279,-0.332542,1.683333,6.250000,11.133333,16.273333,21.784667
Short-Term Pass Holder,3,Thursday,17,53.000000,5.939308,0.000000,18.616667,5.195485,0.713655,26.993067,0.874763,0.684432,-0.398547,1.083333,5.950000,7.850000,15.476667,18.001333
Short-Term Pass Holder,3,Thursday,18,53.000000,4.871069,0.000000,23.466667,5.141536,0.706244,26.435397,1.055525,1.341383,2.086484,0.316667,3.750000,8.150000,14.506667,19.575333
Short-Term Pass Holder,3,Thursday,19,53.000000,3.992767,0.000000,21.250000,4.372122,0.600557,19.115454,1.095011,1.572429,3.439914,0.266667,2.000000,6.350000,11.483333,17.332667
Short-Term Pass Holder,3,Thursday,20,53.000000,3.198428,0.000000,15.850000,3.896154,0.535178,15.180014,1.218147,1.553596,2.171915,0.250000,1.866667,5.316667,10.830000,15.382000
Short-Term Pass Holder,3,Thursday,21,53.000000,2.011321,0.000000,8.116667,2.229378,0.306229,4.970126,1.108415,1.288577,0.808765,0.133333,1.283333,2.566667,6.516667,8.108000
Short-Term Pass Holder,3,Thursday,22,53.000000,1.325157,0.000000,7.083333,1.762436,0.242089,3.106182,1.329983,1.739378,2.392882,0.100000,0.500000,1.583333,5.370000,6.563333
Short-Term Pass Holder,3,Thursday,23,53.000000,0.982704,0.000000,6.633333,1.342242,0.184371,1.801613,1.365865,2.152179,5.955833,0.000000,0.450000,1.683333,2.930000,5.818667
Short-Term Pass Holder,4,Friday,0,52.000000,0.514744,0.000000,2.766667,0.776490,0.107680,0.602937,1.508499,1.684046,2.046570,0.000000,0.050000,0.725000,2.455833,2.758167
Short-Term Pass Holder,4,Friday,1,52.000000,0.212179,0.000000,1.533333,0.418514,0.058037,0.175154,1.972452,2.295204,4.347977,0.000000,0.000000,0.183333,1.431667,1.499333
Short-Term Pass Holder,4,Friday,2,52.000000,0.144231,0.000000,2.466667,0.395645,0.054866,0.156535,2.743136,4.545197,24.013734,0.000000,0.000000,0.133333,0.800000,1.718667
Short-Term Pass Holder,4,Friday,3,52.000000,0.199679,0.000000,2.316667,0.517414,0.071752,0.267718,2.591225,2.864415,7.737550,0.000000,0.000000,0.004167,1.405833,2.078667
Short-Term Pass Holder,4,Friday,4,52.000000,0.195833,0.000000,2.700000,0.475922,0.065999,0.226502,2.430241,3.577935,15.193115,0.000000,0.000000,0.158333,1.000000,2.028500
Short-Term Pass Holder,4,Friday,5,52.000000,0.266026,0.000000,2.116667,0.463786,0.064316,0.215098,1.743389,2.020635,4.108433,0.000000,0.000000,0.341667,1.131667,1.683167
Short-Term Pass Holder,4,Friday,6,52.000000,0.315064,0.000000,1.900000,0.469265,0.065075,0.220210,1.489428,1.652921,2.299933,0.000000,0.016667,0.529167,1.157500,1.789500
Short-Term Pass Holder,4,Friday,7,52.000000,0.531090,0.000000,2.766667,0.680598,0.094382,0.463214,1.281512,1.513301,1.785067,0.000000,0.233333,0.754167,1.935833,2.537167
Short-Term Pass Holder,4,Friday,8,52.000000,1.021154,0.000000,5.300000,1.245581,0.172731,1.551472,1.219778,1.622265,2.200601,0.129167,0.508333,1.379167,3.663333,4.654000
Short-Term Pass Holder,4,Friday,9,52.000000,1.976923,0.000000,8.016667,2.086151,0.289297,4.352028,1.055252,1.108360,0.345934,0.350000,1.058333,3.270833,5.707500,7.455667
Short-Term Pass Holder,4,Friday,10,52.000000,3.643910,0.000000,16.566667,3.409958,0.472876,11.627811,0.935796,1.398840,2.764042,0.912500,2.875000,5.345833,9.468333,13.523667
Short-Term Pass Holder,4,Friday,11,52.000000,5.200962,0.000000,22.266667,4.834685,0.670450,23.374177,0.929575,1.378911,2.765306,0.937500,4.541667,7.891667,11.868333,21.085167
Short-Term Pass Holder,4,Friday,12,52.000000,6.165064,0.000000,32.816667,6.284525,0.871507,39.495253,1.019377,1.800743,5.021229,1.375000,4.575000,8.970833,16.322500,25.336667
Short-Term Pass Holder,4,Friday,13,52.000000,6.615705,0.000000,29.816667,6.265146,0.868819,39.252052,0.947011,1.508433,2.674940,2.020833,4.775000,8.716667,17.935000,25.413667
Short-Term Pass Holder,4,Friday,14,52.000000,7.671795,0.000000,23.433333,6.078432,0.842927,36.947337,0.792309,0.784764,-0.035144,2.879167,6.091667,11.233333,19.776667,22.447333
Short-Term Pass Holder,4,Friday,15,52.000000,7.918910,0.000000,29.733333,6.447202,0.894066,41.566416,0.814153,1.328725,2.052273,3.337500,6.866667,10.429167,22.269167,26.443833
Short-Term Pass Holder,4,Friday,16,52.000000,7.346474,0.000000,22.466667,5.737701,0.795676,32.921213,0.781014,1.036064,0.512214,3.012500,5.508333,10.237500,18.887500,22.390167
Short-Term Pass Holder,4,Friday,17,52.000000,7.183333,0.000000,29.766667,6.014226,0.834023,36.170915,0.837247,1.373831,2.628087,2.725000,6.100000,9.912500,17.548333,24.760167
Short-Term Pass Holder,4,Friday,18,52.000000,5.391987,0.000000,20.916667,5.068777,0.702913,25.692500,0.940057,1.166299,1.022827,1.245833,4.150000,8.279167,14.057500,19.964667
Short-Term Pass Holder,4,Friday,19,52.000000,3.942308,0.000000,16.400000,4.088732,0.567005,16.717728,1.037142,1.025110,0.400953,0.312500,2.158333,6.558333,11.095000,14.742500
Short-Term Pass Holder,4,Friday,20,52.000000,2.893910,0.000000,12.600000,3.347080,0.464156,11.202941,1.156594,1.294859,0.978284,0.095833,1.650000,4.766667,9.654167,12.243000
Short-Term Pass Holder,4,Friday,21,52.000000,1.896474,0.000000,9.000000,2.171268,0.301101,4.714405,1.144897,1.313326,1.174501,0.062500,1.125000,2.712500,6.069167,7.708000
Short-Term Pass Holder,4,Friday,22,52.000000,1.547436,0.000000,6.016667,1.698036,0.235475,2.883327,1.097322,1.145923,0.593355,0.145833,0.933333,2.483333,5.121667,5.982667
Short-Term Pass Holder,4,Friday,23,52.000000,1.429808,0.000000,9.333333,1.960765,0.271909,3.844601,1.371349,2.061770,4.955913,0.000000,0.791667,1.879167,5.188333,8.117833
Short-Term Pass Holder,5,Saturday,0,52.000000,1.091667,0.000000,8.583333,1.748593,0.242486,3.057576,1.601764,2.192165,5.754534,0.000000,0.141667,1.612500,4.357500,6.696333
Short-Term Pass Holder,5,Saturday,1,52.000000,0.957372,0.000000,5.416667,1.416101,0.196378,2.005342,1.479155,1.630542,2.033516,0.000000,0.200000,1.725000,3.731667,5.314667
Short-Term Pass Holder,5,Saturday,2,52.000000,0.626603,0.000000,4.950000,1.095248,0.151884,1.199567,1.747914,2.145661,4.633257,0.000000,0.000000,0.904167,3.075833,4.176500
Short-Term Pass Holder,5,Saturday,3,52.000000,0.237821,0.000000,1.966667,0.404268,0.056062,0.163433,1.699887,2.273859,5.985011,0.000000,0.000000,0.383333,1.040833,1.567167
Short-Term Pass Holder,5,Saturday,4,52.000000,0.189423,0.000000,2.000000,0.463810,0.064319,0.215120,2.448543,2.775689,7.406093,0.000000,0.000000,0.000000,1.127500,1.957500
Short-Term Pass Holder,5,Saturday,5,52.000000,0.159936,0.000000,2.416667,0.455351,0.063146,0.207345,2.847087,3.456873,12.850227,0.000000,0.000000,0.000000,1.100000,1.949167
Short-Term Pass Holder,5,Saturday,6,52.000000,0.245833,0.000000,2.416667,0.536905,0.074455,0.288267,2.184019,2.444830,5.689033,0.000000,0.000000,0.112500,1.555833,2.034167
Short-Term Pass Holder,5,Saturday,7,52.000000,0.745513,0.000000,5.933333,1.211519,0.168007,1.467779,1.625082,2.352411,6.279272,0.000000,0.150000,0.879167,3.078333,4.853833
Short-Term Pass Holder,5,Saturday,8,52.000000,1.795833,0.000000,12.200000,2.673414,0.370736,7.147145,1.488676,2.625161,7.501439,0.125000,0.850000,2.695833,6.707500,11.936500
Short-Term Pass Holder,5,Saturday,9,52.000000,3.264103,0.000000,12.350000,3.287408,0.455881,10.807052,1.007140,1.221675,1.090859,0.687500,2.383333,5.275000,11.158333,12.078000
Short-Term Pass Holder,5,Saturday,10,52.000000,6.232372,0.000000,23.783333,5.320883,0.737874,28.311791,0.853749,1.144583,1.481415,2.487500,5.150000,8.741667,16.127500,21.641333
Short-Term Pass Holder,5,Saturday,11,52.000000,9.888782,0.000000,30.983333,8.101139,1.123426,65.628461,0.819225,0.820590,0.237800,2.979167,8.808333,14.895833,26.557500,30.354333
Short-Term Pass Holder,5,Saturday,12,52.000000,13.406731,0.000000,35.383333,10.364522,1.437301,107.423325,0.773084,0.435326,-0.824019,3.154167,13.050000,18.745833,31.584167,34.754333
Short-Term Pass Holder,5,Saturday,13,52.000000,16.378846,0.000000,45.850000,12.568488,1.742936,157.966897,0.767361,0.362984,-0.833868,4.645833,15.775000,25.525000,35.351667,44.481500
Short-Term Pass Holder,5,Saturday,14,52.000000,18.946154,0.000000,62.033333,14.531888,2.015210,211.175758,0.767010,0.518016,0.022173,5.900000,19.683333,27.966667,40.325833,55.309833
Short-Term Pass Holder,5,Saturday,15,52.000000,19.705128,0.000000,66.233333,15.288346,2.120112,233.733513,0.775856,0.726772,0.657486,6.404167,19.891667,29.800000,41.202500,62.561333
Short-Term Pass Holder,5,Saturday,16,52.000000,17.455449,0.000000,61.900000,13.997160,1.941057,195.920487,0.801879,0.898125,1.183127,4.545833,18.591667,22.520833,37.695833,58.364000
Short-Term Pass Holder,5,Saturday,17,52.000000,14.065705,0.000000,47.633333,11.314378,1.569022,128.015157,0.804395,0.499530,-0.120727,4.125000,15.675000,22.008333,32.261667,39.991833
Short-Term Pass Holder,5,Saturday,18,52.000000,10.008974,0.000000,36.333333,8.816315,1.222603,77.727402,0.880841,0.679033,-0.120218,2.187500,7.916667,16.245833,22.141667,31.488333
Short-Term Pass Holder,5,Saturday,19,52.000000,7.136859,0.000000,29.366667,7.095702,0.983997,50.348991,0.994233,1.060652,0.826115,0.991667,5.533333,11.687500,18.953333,27.207667
Short-Term Pass Holder,5,Saturday,20,52.000000,5.115705,0.000000,26.716667,5.864217,0.813221,34.389046,1.146317,1.711882,3.109591,0.987500,3.066667,7.125000,16.508333,23.665167
Short-Term Pass Holder,5,Saturday,21,52.000000,3.758974,0.000000,29.166667,5.279398,0.732121,27.872042,1.404478,2.805896,10.163760,0.283333,1.991667,4.783333,13.050833,22.715167
Short-Term Pass Holder,5,Saturday,22,52.000000,2.130128,0.000000,32.133333,4.582758,0.635514,21.001667,2.151400,5.741442,37.415209,0.083333,1.033333,2.620833,5.916667,19.238833
Short-Term Pass Holder,5,Saturday,23,52.000000,1.631090,0.000000,28.933333,4.053374,0.562102,16.429837,2.485071,6.217371,42.237639,0.000000,0.525000,2.229167,3.417500,16.446833
Short-Term Pass Holder,6,Sunday,0,52.000000,1.028205,0.000000,7.583333,1.554064,0.215510,2.415115,1.511434,2.657602,8.462153,0.000000,0.366667,1.558333,3.157500,7.209333
Short-Term Pass Holder,6,Sunday,1,52.000000,0.814423,0.000000,8.000000,1.493982,0.207178,2.231983,1.834406,3.227270,11.959499,0.000000,0.225000,1.087500,3.385833,6.878000
Short-Term Pass Holder,6,Sunday,2,52.000000,0.909295,0.000000,5.533333,1.231775,0.170816,1.517270,1.354649,1.795085,3.289176,0.000000,0.375000,1.291667,3.434167,4.751333
Short-Term Pass Holder,6,Sunday,3,52.000000,0.520513,0.000000,4.000000,0.930848,0.129085,0.866477,1.788328,2.352518,5.351040,0.000000,0.000000,0.600000,2.605833,3.779000
Short-Term Pass Holder,6,Sunday,4,52.000000,0.156410,0.000000,2.016667,0.407917,0.056568,0.166396,2.607992,3.181550,10.388991,0.000000,0.000000,0.012500,1.007500,1.778667
Short-Term Pass Holder,6,Sunday,5,52.000000,0.189103,0.000000,3.000000,0.510008,0.070725,0.260108,2.696989,3.993384,18.557273,0.000000,0.000000,0.070833,1.105000,2.184000
Short-Term Pass Holder,6,Sunday,6,52.000000,0.340064,0.000000,2.916667,0.637544,0.088411,0.406463,1.874776,2.807544,8.741326,0.000000,0.000000,0.541667,1.351667,2.891167
Short-Term Pass Holder,6,Sunday,7,52.000000,0.865064,0.000000,4.783333,1.310886,0.181787,1.718423,1.515363,1.651554,1.724841,0.000000,0.166667,1.162500,3.674167,4.638833
Short-Term Pass Holder,6,Sunday,8,52.000000,1.687500,0.000000,13.666667,2.226291,0.308731,4.956371,1.319283,3.371731,16.059923,0.179167,1.241667,2.500000,3.965000,10.079667
Short-Term Pass Holder,6,Sunday,9,52.000000,3.707051,0.000000,17.016667,3.780198,0.524219,14.289895,1.019732,1.674786,3.106322,1.079167,2.683333,4.766667,11.036667,16.013667
Short-Term Pass Holder,6,Sunday,10,52.000000,6.292949,0.000000,20.066667,5.272595,0.731177,27.800254,0.837858,1.012931,0.289889,2.233333,4.716667,7.995833,16.941667,19.361167
Short-Term Pass Holder,6,Sunday,11,52.000000,9.914744,0.000000,27.833333,7.700853,1.067916,59.303144,0.776707,0.703007,-0.292622,4.162500,8.816667,14.825000,25.724167,27.204333
Short-Term Pass Holder,6,Sunday,12,52.000000,12.598397,0.000000,39.466667,9.642854,1.337223,92.984632,0.765403,0.601264,-0.159370,4.016667,12.775000,20.420833,28.436667,36.321667
Short-Term Pass Holder,6,Sunday,13,52.000000,14.485897,0.000000,47.283333,11.170284,1.549040,124.775244,0.771114,0.476031,-0.152918,3.820833,15.658333,21.941667,32.354167,40.109333
Short-Term Pass Holder,6,Sunday,14,52.000000,15.779808,0.000000,46.733333,12.703246,1.761623,161.372455,0.805032,0.420477,-0.787583,2.629167,14.691667,25.645833,36.858333,42.568333
Short-Term Pass Holder,6,Sunday,15,52.000000,16.148077,0.000000,45.066667,12.314483,1.707712,151.646499,0.762598,0.357407,-0.838298,4.641667,15.016667,26.408333,36.815000,42.202167
Short-Term Pass Holder,6,Sunday,16,52.000000,15.411859,0.000000,46.800000,12.223645,1.695115,149.417509,0.793132,0.450562,-0.622821,2.904167,15.591667,24.050000,33.844167,43.944000
Short-Term Pass Holder,6,Sunday,17,52.000000,12.089744,0.000000,33.216667,9.831329,1.363360,96.655023,0.813196,0.464478,-0.946279,3.266667,10.233333,19.495833,29.052500,31.618667
Short-Term Pass Holder,6,Sunday,18,52.000000,8.340385,0.000000,26.983333,7.766492,1.077019,60.318402,0.931191,0.607707,-0.803158,0.950000,6.258333,15.145833,21.499167,25.631833
Short-Term Pass Holder,6,Sunday,19,52.000000,5.495513,0.000000,23.250000,5.810962,0.805835,33.767278,1.057401,1.179132,0.667583,1.000000,3.400000,8.395833,16.857500,20.292000
Short-Term Pass Holder,6,Sunday,20,52.000000,3.976282,0.000000,28.300000,5.362185,0.743601,28.753032,1.348543,2.319930,7.282034,0.270833,2.275000,4.845833,13.029167,21.330000
Short-Term Pass Holder,6,Sunday,21,52.000000,2.808013,0.000000,18.133333,3.464201,0.480398,12.000692,1.233684,2.182550,6.574644,0.283333,1.616667,4.012500,8.279167,14.401833
Short-Term Pass Holder,6,Sunday,22,52.000000,1.719231,0.000000,9.850000,2.258864,0.313248,5.102466,1.313881,1.962161,4.037887,0.075000,0.775000,2.583333,6.813333,9.297500
Short-Term Pass Holder,6,Sunday,23,52.000000,1.113462,0.000000,5.850000,1.639471,0.227354,2.687865,1.472409,1.643578,1.639007,0.000000,0.400000,1.345833,4.709167,5.773500
