day_of_week,dow_name,bin_of_day,count,mean,min,max,stdev,sem,var,cv,skew,kurt,p25,p50,p75,p95,p99
0,Monday,0,52.000000,2.019231,0.000000,12.000000,2.372145,0.328957,5.627074,1.174777,1.901141,5.022778,0.000000,1.000000,3.000000,6.000000,9.450000
0,Monday,1,52.000000,0.903846,0.000000,4.000000,1.272016,0.176397,1.618024,1.407337,1.197379,0.192697,0.000000,0.000000,2.000000,3.450000,4.000000
0,Monday,2,52.000000,0.769231,0.000000,4.000000,1.077677,0.149447,1.161388,1.400980,1.460573,1.617486,0.000000,0.000000,1.000000,3.000000,4.000000
0,Monday,3,52.000000,0.461538,0.000000,7.000000,1.290410,0.178948,1.665158,2.795889,3.732551,15.166968,0.000000,0.000000,0.000000,2.450000,5.980000
0,Monday,4,52.000000,1.211538,0.000000,6.000000,1.273201,0.176561,1.621041,1.050896,2.075290,6.123507,0.000000,1.000000,2.000000,3.000000,6.000000
0,Monday,5,52.000000,2.500000,0.000000,7.000000,1.565561,0.217104,2.450980,0.626224,0.701499,0.234342,1.000000,2.000000,3.250000,5.000000,6.490000
0,Monday,6,52.000000,5.596154,0.000000,13.000000,2.905435,0.402911,8.441554,0.519184,0.109763,-0.565810,3.750000,5.000000,8.000000,9.450000,11.470000
0,Monday,7,52.000000,17.846154,1.000000,36.000000,6.852464,0.950266,46.956259,0.383974,-0.207653,0.249811,14.000000,18.000000,23.000000,26.450000,31.410000
0,Monday,8,52.000000,36.711538,6.000000,62.000000,14.011671,1.943069,196.326923,0.381669,-0.316423,-0.662789,25.750000,38.500000,46.250000,57.350000,61.490000
0,Monday,9,52.000000,33.826923,4.000000,55.000000,12.856251,1.782841,165.283183,0.380060,-0.320316,-0.813836,25.250000,35.000000,44.250000,51.450000,54.490000
0,Monday,10,52.000000,20.365385,4.000000,52.000000,9.612143,1.332964,92.393288,0.471984,0.784859,1.084435,13.750000,19.000000,26.000000,34.900000,46.390000
0,Monday,11,52.000000,20.019231,3.000000,51.000000,10.883501,1.509270,118.450603,0.543652,0.713345,0.092374,12.000000,18.000000,25.250000,38.000000,45.900000
0,Monday,12,52.000000,20.961538,1.000000,48.000000,11.509521,1.596083,132.469080,0.549078,0.508107,-0.099179,12.500000,21.500000,26.500000,42.250000,48.000000
0,Monday,13,52.000000,21.826923,4.000000,61.000000,12.688919,1.759637,161.008673,0.581343,0.563855,0.045449,11.000000,20.500000,33.000000,39.250000,51.820000
0,Monday,14,52.000000,19.903846,2.000000,64.000000,13.921713,1.930594,193.814103,0.699448,0.901944,0.571595,8.000000,17.500000,30.000000,41.450000,56.860000
0,Monday,15,52.000000,21.423077,0.000000,78.000000,15.261571,2.116399,232.915535,0.712389,1.493236,2.792108,9.750000,16.500000,28.000000,50.150000,66.780000
0,Monday,16,52.000000,30.500000,6.000000,71.000000,15.998162,2.218546,255.941176,0.524530,0.548477,-0.445251,18.000000,27.000000,43.000000,57.050000,67.430000
0,Monday,17,52.000000,44.692308,17.000000,97.000000,18.101607,2.510241,327.668175,0.405027,0.714451,0.317419,32.000000,42.000000,54.750000,80.450000,89.860000
0,Monday,18,52.000000,33.788462,6.000000,78.000000,17.388678,2.411376,302.366139,0.514634,0.600188,-0.146675,19.750000,30.000000,44.000000,66.700000,74.430000
0,Monday,19,52.000000,22.000000,2.000000,59.000000,13.395931,1.857681,179.450980,0.608906,0.727120,-0.132836,10.000000,20.000000,31.000000,45.900000,53.900000
0,Monday,20,52.000000,15.211538,0.000000,63.000000,12.345256,1.711979,152.405354,0.811572,1.497554,2.971636,6.000000,10.000000,24.250000,36.900000,50.250000
0,Monday,21,52.000000,9.980769,0.000000,29.000000,8.040316,1.114991,64.646682,0.805581,0.877674,-0.186414,4.000000,7.000000,15.000000,27.000000,28.490000
0,Monday,22,52.000000,6.173077,0.000000,23.000000,4.400183,0.610196,19.361614,0.712802,1.431854,3.191880,3.750000,5.000000,8.000000,13.350000,19.430000
0,Monday,23,52.000000,4.423077,0.000000,23.000000,4.011484,0.556293,16.092006,0.906944,2.233535,8.025221,2.000000,4.000000,6.000000,10.450000,17.900000
1,Tuesday,0,52.000000,2.442308,0.000000,10.000000,2.363227,0.327721,5.584842,0.967620,1.141119,0.944948,1.000000,2.000000,4.000000,7.000000,8.470000
1,Tuesday,1,52.000000,1.538462,0.000000,7.000000,1.914460,0.265488,3.665158,1.244399,1.377328,1.274085,0.000000,1.000000,2.000000,5.450000,7.000000
1,Tuesday,2,52.000000,0.519231,0.000000,5.000000,0.980004,0.135902,0.960407,1.887415,2.674108,8.571808,0.000000,0.000000,1.000000,2.450000,3.980000
1,Tuesday,3,52.000000,0.403846,0.000000,4.000000,0.869068,0.120518,0.755279,2.151978,2.637839,7.129830,0.000000,0.000000,0.250000,2.450000,3.490000
1,Tuesday,4,52.000000,1.153846,0.000000,3.000000,0.849097,0.117749,0.720965,0.735884,0.294480,-0.498440,1.000000,1.000000,2.000000,2.450000,3.000000
1,Tuesday,5,52.000000,2.653846,0.000000,9.000000,1.824502,0.253013,3.328808,0.687494,1.002097,1.875879,1.000000,2.000000,4.000000,5.450000,7.980000
1,Tuesday,6,52.000000,6.557692,2.000000,13.000000,2.379763,0.330014,5.663273,0.362896,0.261386,0.033340,5.000000,7.000000,8.000000,10.450000,11.980000
1,Tuesday,7,52.000000,21.326923,4.000000,37.000000,7.991960,1.108285,63.871418,0.374736,0.008884,-0.693858,15.000000,21.500000,28.000000,33.450000,36.490000
1,Tuesday,8,52.000000,43.576923,20.000000,69.000000,11.494835,1.594047,132.131222,0.263783,-0.098483,-0.670839,34.750000,43.500000,53.000000,58.450000,66.960000
1,Tuesday,9,52.000000,36.769231,18.000000,61.000000,10.372693,1.438434,107.592760,0.282103,0.357320,-0.462544,29.000000,35.000000,43.500000,54.350000,59.470000
1,Tuesday,10,52.000000,20.750000,5.000000,44.000000,7.891109,1.094300,62.269608,0.380294,0.610036,0.674547,15.000000,20.000000,25.500000,32.900000,41.960000
1,Tuesday,11,52.000000,19.519231,4.000000,41.000000,7.952039,1.102749,63.234917,0.407395,0.317785,-0.101865,15.000000,18.500000,24.250000,32.000000,37.940000
1,Tuesday,12,52.000000,20.153846,4.000000,52.000000,10.200701,1.414583,104.054299,0.506142,0.990544,1.482525,14.000000,18.500000,24.000000,37.900000,49.960000
1,Tuesday,13,52.000000,18.903846,2.000000,45.000000,10.524033,1.459421,110.755279,0.556714,0.565029,-0.496382,11.000000,17.500000,26.000000,36.450000,42.450000
1,Tuesday,14,52.000000,17.519231,4.000000,38.000000,9.716552,1.347443,94.411388,0.554622,0.557144,-0.729311,10.750000,15.000000,23.500000,35.000000,37.490000
1,Tuesday,15,52.000000,20.596154,4.000000,47.000000,10.748934,1.490609,115.539593,0.521890,0.238800,-0.615169,12.000000,22.000000,29.000000,37.900000,44.450000
1,Tuesday,16,52.000000,28.403846,12.000000,56.000000,10.868663,1.507212,118.127828,0.382648,0.710206,-0.140203,19.000000,27.000000,35.250000,49.900000,53.960000
1,Tuesday,17,52.000000,44.076923,18.000000,80.000000,15.828550,2.195025,250.542986,0.359112,0.277988,-0.655081,33.000000,42.000000,54.000000,71.250000,76.940000
1,Tuesday,18,52.000000,32.653846,5.000000,62.000000,14.600409,2.024712,213.171946,0.447127,-0.100598,-0.896473,20.750000,33.000000,44.250000,53.450000,59.960000
1,Tuesday,19,52.000000,21.423077,2.000000,55.000000,12.943840,1.794988,167.542986,0.604201,0.742162,0.033984,11.750000,18.500000,30.250000,43.350000,54.490000
1,Tuesday,20,52.000000,13.750000,0.000000,43.000000,9.863530,1.367825,97.289216,0.717348,1.043119,0.852510,5.750000,11.500000,19.250000,30.900000,41.470000
1,Tuesday,21,52.000000,10.384615,1.000000,48.000000,8.740606,1.212104,76.398190,0.841688,1.930582,5.628621,4.750000,8.500000,15.000000,23.450000,38.820000
1,Tuesday,22,52.000000,6.730769,0.000000,18.000000,4.520608,0.626896,20.435897,0.671633,0.817344,-0.241208,3.750000,5.000000,9.250000,15.000000,17.490000
1,Tuesday,23,52.000000,4.519231,0.000000,14.000000,3.567228,0.494685,12.725113,0.789344,0.897030,0.113400,2.000000,3.500000,6.250000,11.450000,13.490000
2,Wednesday,0,52.000000,2.230769,0.000000,9.000000,2.147642,0.297824,4.612368,0.962736,1.343271,1.485238,1.000000,1.500000,3.000000,6.450000,8.490000
2,Wednesday,1,52.000000,1.173077,0.000000,5.000000,1.367998,0.189707,1.871418,1.166162,1.299743,1.140762,0.000000,1.000000,2.000000,4.000000,5.000000
2,Wednesday,2,52.000000,0.538462,0.000000,5.000000,1.018679,0.141265,1.037707,1.891833,2.669668,8.316076,0.000000,0.000000,1.000000,2.000000,4.490000
2,Wednesday,3,52.000000,0.250000,0.000000,6.000000,0.882843,0.122428,0.779412,3.531372,5.701135,36.591698,0.000000,0.000000,0.000000,1.000000,3.450000
2,Wednesday,4,52.000000,1.326923,0.000000,3.000000,0.964490,0.133751,0.930241,0.726862,0.514870,-0.626847,1.000000,1.000000,2.000000,3.000000,3.000000
2,Wednesday,5,52.000000,2.865385,0.000000,7.000000,1.726709,0.239451,2.981523,0.602610,0.477439,-0.035344,2.000000,3.000000,4.000000,6.000000,7.000000
2,Wednesday,6,52.000000,6.634615,2.000000,17.000000,3.055236,0.423685,9.334465,0.460499,1.017763,1.519756,5.000000,6.000000,8.000000,11.900000,14.960000
2,Wednesday,7,52.000000,20.519231,5.000000,34.000000,7.041865,0.976531,49.587858,0.343184,-0.167583,-0.530027,16.250000,21.500000,25.000000,31.450000,34.000000
2,Wednesday,8,52.000000,40.923077,12.000000,71.000000,12.779957,1.772261,163.327300,0.312292,0.243186,-0.266105,32.000000,38.500000,50.250000,61.450000,68.960000
2,Wednesday,9,52.000000,36.769231,17.000000,65.000000,11.461128,1.589373,131.357466,0.311704,0.311680,-0.823882,27.000000,35.000000,47.000000,54.350000,60.920000
2,Wednesday,10,52.000000,21.115385,6.000000,41.000000,7.813146,1.083488,61.045249,0.370021,0.659119,-0.116564,15.000000,19.000000,27.000000,36.450000,38.960000
2,Wednesday,11,52.000000,18.903846,6.000000,41.000000,8.423263,1.168096,70.951357,0.445585,0.752398,-0.099545,12.750000,17.000000,24.000000,34.900000,38.450000
2,Wednesday,12,52.000000,21.923077,2.000000,44.000000,9.869434,1.368644,97.405732,0.450185,0.389126,-0.562017,15.000000,19.500000,29.000000,39.450000,42.470000
2,Wednesday,13,52.000000,19.750000,2.000000,44.000000,11.084126,1.537092,122.857843,0.561222,0.607302,-0.445813,11.000000,17.500000,27.250000,42.000000,42.980000
2,Wednesday,14,52.000000,16.557692,3.000000,36.000000,8.449187,1.171691,71.388763,0.510288,0.451559,-0.687153,10.750000,15.000000,24.250000,31.350000,34.470000
2,Wednesday,15,52.000000,19.461538,3.000000,44.000000,10.148817,1.407388,102.998492,0.521481,0.486800,-0.563551,11.000000,18.000000,25.250000,36.450000,41.960000
2,Wednesday,16,52.000000,30.692308,10.000000,63.000000,12.584675,1.745180,158.374057,0.410027,0.651163,-0.009037,22.500000,27.500000,40.000000,54.250000,61.470000
2,Wednesday,17,52.000000,45.211538,9.000000,85.000000,18.076457,2.506754,326.758296,0.399820,0.196666,-0.512570,31.500000,44.500000,55.250000,74.900000,81.940000
2,Wednesday,18,52.000000,34.384615,4.000000,68.000000,15.085578,2.091993,227.574661,0.438730,0.338817,-0.566801,23.750000,31.500000,45.250000,60.900000,66.470000
2,Wednesday,19,52.000000,23.115385,2.000000,55.000000,13.333805,1.849066,177.790347,0.576837,0.357046,-0.662034,14.000000,21.000000,34.000000,42.800000,53.470000
2,Wednesday,20,52.000000,14.807692,0.000000,35.000000,8.920209,1.237010,79.570136,0.602404,0.435020,-0.657773,7.750000,14.000000,21.000000,31.450000,33.980000
2,Wednesday,21,52.000000,12.500000,1.000000,36.000000,9.261982,1.284406,85.784314,0.740959,0.852277,-0.390558,5.750000,10.000000,18.750000,28.900000,33.960000
2,Wednesday,22,52.000000,7.211538,0.000000,24.000000,5.251840,0.728299,27.581825,0.728255,1.172356,1.326122,3.750000,6.500000,9.000000,17.000000,21.960000
2,Wednesday,23,52.000000,4.211538,0.000000,12.000000,3.151946,0.437096,9.934766,0.748407,0.707852,-0.451110,2.000000,4.000000,6.000000,9.450000,11.490000
3,Thursday,0,53.000000,2.264151,0.000000,7.000000,1.722598,0.236617,2.967344,0.760814,0.792690,0.404830,1.000000,2.000000,3.000000,5.000000,7.000000
3,Thursday,1,53.000000,1.433962,0.000000,7.000000,1.575161,0.216365,2.481132,1.098468,1.568347,2.663347,0.000000,1.000000,2.000000,4.000000,6.480000
3,Thursday,2,53.000000,1.150943,0.000000,9.000000,1.874897,0.257537,3.515239,1.629009,2.756480,8.252890,0.000000,1.000000,1.000000,5.000000,8.480000
3,Thursday,3,53.000000,0.264151,0.000000,2.000000,0.524439,0.072037,0.275036,1.985376,1.896737,2.893471,0.000000,0.000000,0.000000,1.000000,2.000000
3,Thursday,4,53.000000,1.075472,0.000000,4.000000,0.851448,0.116955,0.724964,0.791697,0.823713,1.460607,1.000000,1.000000,2.000000,2.000000,3.480000
3,Thursday,5,53.000000,2.603774,0.000000,7.000000,1.832816,0.251757,3.359216,0.703908,0.480192,-0.381703,2.000000,2.000000,4.000000,6.000000,6.480000
3,Thursday,6,53.000000,6.584906,0.000000,15.000000,3.164916,0.434735,10.016691,0.480632,0.208296,0.347317,5.000000,7.000000,8.000000,11.400000,14.480000
3,Thursday,7,53.000000,18.622642,0.000000,34.000000,8.031731,1.103243,64.508708,0.431289,-0.559130,-0.181830,13.000000,20.000000,24.000000,29.000000,31.920000
3,Thursday,8,53.000000,41.094340,1.000000,68.000000,14.426557,1.981640,208.125544,0.351059,-0.889044,1.002815,35.000000,43.000000,50.000000,59.200000,65.920000
3,Thursday,9,53.000000,36.547170,1.000000,62.000000,13.646028,1.874426,186.214078,0.373381,-0.459745,-0.088412,29.000000,38.000000,47.000000,55.800000,59.920000
3,Thursday,10,53.000000,22.207547,1.000000,43.000000,8.641044,1.186939,74.667634,0.389104,-0.137744,0.225344,17.000000,24.000000,27.000000,34.000000,42.480000
3,Thursday,11,53.000000,20.943396,3.000000,41.000000,9.151324,1.257031,83.746734,0.436955,0.196787,-0.576279,13.000000,21.000000,25.000000,35.000000,40.480000
3,Thursday,12,53.000000,21.754717,4.000000,45.000000,10.754079,1.477186,115.650218,0.494333,0.493103,-0.652542,15.000000,19.000000,30.000000,41.000000,42.920000
3,Thursday,13,53.000000,22.679245,5.000000,48.000000,11.274160,1.548625,127.106676,0.497114,0.329054,-0.923368,12.000000,21.000000,31.000000,40.400000,45.400000
3,Thursday,14,53.000000,19.584906,3.000000,43.000000,11.002507,1.511311,121.055152,0.561785,0.420832,-0.712464,12.000000,17.000000,28.000000,40.400000,41.960000
3,Thursday,15,53.000000,23.094340,3.000000,47.000000,12.032431,1.652781,144.779390,0.521012,0.162149,-0.932778,11.000000,24.000000,30.000000,41.800000,46.480000
3,Thursday,16,53.000000,30.226415,5.000000,61.000000,13.752820,1.889095,189.140058,0.454993,0.146105,-0.748530,20.000000,29.000000,41.000000,51.800000,57.880000
3,Thursday,17,53.000000,44.037736,1.000000,84.000000,20.798449,2.856887,432.575472,0.472287,-0.063095,-0.874674,28.000000,46.000000,61.000000,76.400000,82.440000
3,Thursday,18,53.000000,36.075472,0.000000,68.000000,16.988513,2.333552,288.609579,0.470916,-0.249787,-0.817026,24.000000,36.000000,50.000000,60.000000,65.400000
3,Thursday,19,53.000000,22.698113,0.000000,57.000000,12.634789,1.735522,159.637881,0.556645,0.210903,-0.371743,12.000000,23.000000,33.000000,42.000000,50.760000
3,Thursday,20,53.000000,15.943396,0.000000,46.000000,10.563754,1.451043,111.592888,0.662579,0.751365,0.312523,8.000000,15.000000,22.000000,36.600000,42.360000
3,Thursday,21,53.000000,11.339623,1.000000,30.000000,7.133193,0.979819,50.882438,0.629050,0.485431,-0.545506,5.000000,11.000000,17.000000,23.400000,26.880000
3,Thursday,22,53.000000,8.433962,0.000000,25.000000,6.175352,0.848250,38.134978,0.732201,1.014195,0.827722,4.000000,8.000000,11.000000,21.800000,25.000000
3,Thursday,23,53.000000,4.415094,0.000000,18.000000,3.597189,0.494112,12.939768,0.814748,1.116441,2.373554,1.000000,4.000000,7.000000,10.000000,13.840000
4,Friday,0,52.000000,3.019231,0.000000,9.000000,2.330450,0.323175,5.430995,0.771869,0.700895,-0.086831,1.000000,2.000000,4.250000,6.450000,9.000000
4,Friday,1,52.000000,1.326923,0.000000,5.000000,1.517495,0.210439,2.302790,1.143619,1.062065,0.163839,0.000000,1.000000,2.000000,4.450000,5.000000
4,Friday,2,52.000000,1.134615,0.000000,13.000000,1.980581,0.274657,3.922700,1.745597,4.562002,25.729062,0.000000,1.000000,1.000000,3.450000,8.920000
4,Friday,3,52.000000,0.519231,0.000000,8.000000,1.290848,0.179008,1.666290,2.486078,4.279055,22.397665,0.000000,0.000000,1.000000,2.450000,5.450000
4,Friday,4,52.000000,1.576923,0.000000,5.000000,1.473240,0.204302,2.170437,0.934250,1.086909,0.635191,0.750000,1.000000,2.000000,5.000000,5.000000
4,Friday,5,52.000000,2.192308,0.000000,10.000000,2.178671,0.302127,4.746606,0.993780,1.222529,1.879704,0.000000,2.000000,3.250000,5.450000,8.470000
4,Friday,6,52.000000,5.807692,0.000000,11.000000,2.779748,0.385482,7.726998,0.478632,-0.214827,-0.812321,3.000000,6.000000,8.000000,10.000000,10.490000
4,Friday,7,52.000000,17.750000,0.000000,38.000000,7.334781,1.017151,53.799020,0.413227,0.033158,0.525764,13.000000,17.500000,23.000000,27.900000,34.940000
4,Friday,8,52.000000,36.211538,0.000000,56.000000,12.156394,1.685788,147.777903,0.335705,-0.846273,0.915353,30.000000,37.000000,45.250000,52.900000,54.980000
4,Friday,9,52.000000,33.865385,2.000000,63.000000,12.414458,1.721576,154.118778,0.366583,-0.079623,0.338470,25.000000,34.000000,40.750000,52.700000,61.470000
4,Friday,10,52.000000,22.480769,3.000000,43.000000,9.086707,1.260100,82.568250,0.404199,0.226507,-0.352100,15.000000,21.000000,28.000000,37.450000,41.980000
4,Friday,11,52.000000,22.500000,5.000000,60.000000,11.823042,1.639561,139.784314,0.525469,0.828728,0.779830,14.750000,20.500000,30.000000,43.350000,54.390000
4,Friday,12,52.000000,24.769231,1.000000,71.000000,14.597361,2.024290,213.082956,0.589334,0.831527,1.189256,12.000000,23.500000,34.000000,44.450000,67.430000
4,Friday,13,52.000000,22.807692,6.000000,60.000000,13.123902,1.819958,172.236802,0.575416,0.818585,0.523959,11.750000,21.000000,33.000000,40.900000,60.000000
4,Friday,14,52.000000,20.884615,1.000000,48.000000,12.256497,1.699670,150.221719,0.586867,0.540065,-0.591501,10.000000,19.500000,29.250000,42.450000,48.000000
4,Friday,15,52.000000,25.711538,4.000000,51.000000,11.928441,1.654177,142.287707,0.463933,0.230707,-0.657445,16.000000,25.000000,35.000000,45.600000,51.000000
4,Friday,16,52.000000,33.480769,6.000000,63.000000,15.157332,2.101944,229.744721,0.452718,0.203281,-0.847545,21.000000,33.500000,43.250000,59.450000,62.490000
4,Friday,17,52.000000,41.173077,10.000000,78.000000,15.704029,2.177757,246.616516,0.381415,0.394904,-0.275368,32.000000,38.500000,48.250000,68.450000,76.470000
4,Friday,18,52.000000,31.730769,4.000000,67.000000,14.774269,2.048823,218.279035,0.465613,0.140697,-0.643884,19.500000,33.500000,41.250000,55.350000,61.900000
4,Friday,19,52.000000,19.961538,2.000000,64.000000,12.847463,1.781623,165.057315,0.643611,1.082565,1.595863,10.000000,17.500000,29.000000,40.450000,57.370000
4,Friday,20,52.000000,13.807692,0.000000,38.000000,10.021621,1.389749,100.432881,0.725800,0.724381,-0.274243,5.750000,11.500000,21.000000,34.000000,36.470000
4,Friday,21,52.000000,10.846154,0.000000,35.000000,7.354829,1.019931,54.093514,0.678105,1.088959,1.479957,6.000000,9.000000,14.250000,24.450000,31.940000
4,Friday,22,52.000000,8.269231,0.000000,29.000000,6.132892,0.850479,37.612368,0.741652,1.274033,1.786835,3.750000,7.000000,11.000000,19.250000,25.940000
4,Friday,23,52.000000,6.346154,0.000000,30.000000,6.311784,0.875287,39.838612,0.994584,1.725909,3.580667,2.000000,4.500000,8.500000,17.150000,26.940000
5,Saturday,0,52.000000,4.384615,0.000000,17.000000,3.705607,0.513875,13.731523,0.845138,1.092070,1.435863,1.000000,4.000000,7.000000,11.450000,14.450000
5,Saturday,1,52.000000,3.884615,0.000000,14.000000,3.323439,0.460878,11.045249,0.855539,1.268292,1.123993,1.750000,3.000000,5.000000,10.450000,12.980000
5,Saturday,2,52.000000,2.326923,0.000000,11.000000,2.398702,0.332640,5.753771,1.030847,1.574129,2.876011,1.000000,2.000000,3.000000,6.450000,9.980000
5,Saturday,3,52.000000,1.403846,0.000000,10.000000,2.135228,0.296103,4.559201,1.520985,2.174066,5.172002,0.000000,1.000000,2.000000,5.900000,8.470000
5,Saturday,4,52.000000,0.326923,0.000000,2.000000,0.584813,0.081099,0.342006,1.788839,1.639062,1.755297,0.000000,0.000000,1.000000,1.450000,2.000000
5,Saturday,5,52.000000,0.846154,0.000000,5.000000,1.273941,0.176664,1.622926,1.505567,1.720038,2.338198,0.000000,0.000000,1.000000,4.000000,4.490000
5,Saturday,6,52.000000,2.153846,0.000000,12.000000,2.052111,0.284577,4.211161,0.952766,2.417972,9.515081,1.000000,2.000000,3.000000,5.450000,8.940000
5,Saturday,7,52.000000,3.153846,0.000000,15.000000,3.183195,0.441430,10.132730,1.009306,2.069472,5.000514,1.000000,2.000000,4.000000,9.000000,14.490000
5,Saturday,8,52.000000,7.769231,0.000000,30.000000,6.182250,0.857324,38.220211,0.795735,1.401735,2.274431,3.000000,6.000000,11.000000,18.450000,26.430000
5,Saturday,9,52.000000,10.500000,2.000000,27.000000,6.341584,0.879419,40.215686,0.603960,0.911778,0.656587,5.000000,10.000000,13.250000,23.900000,27.000000
5,Saturday,10,52.000000,17.596154,2.000000,51.000000,11.308958,1.568270,127.892534,0.642695,0.578219,-0.062409,7.750000,16.500000,26.000000,34.700000,44.880000
5,Saturday,11,52.000000,21.480769,3.000000,69.000000,14.083073,1.952971,198.332956,0.655613,1.144258,1.861178,10.750000,21.000000,29.250000,41.450000,64.920000
5,Saturday,12,52.000000,27.634615,1.000000,70.000000,18.008744,2.497363,324.314857,0.651673,0.442046,-0.703070,12.500000,24.000000,40.750000,60.000000,65.410000
5,Saturday,13,52.000000,32.096154,1.000000,72.000000,19.029657,2.638939,362.127828,0.592895,0.086963,-1.045438,15.750000,32.500000,46.250000,61.000000,66.900000
5,Saturday,14,52.000000,35.173077,3.000000,84.000000,21.458324,2.975734,460.459653,0.610078,0.255985,-0.601948,15.750000,39.500000,49.250000,69.350000,84.000000
5,Saturday,15,52.000000,36.288462,0.000000,83.000000,21.239379,2.945372,451.111237,0.585293,0.195597,-0.670467,17.750000,38.000000,49.250000,74.150000,80.960000
5,Saturday,16,52.000000,36.653846,3.000000,102.000000,22.367593,3.101827,500.309201,0.610239,0.353101,-0.048911,19.250000,40.000000,52.000000,70.350000,88.740000
5,Saturday,17,52.000000,33.153846,1.000000,72.000000,21.157101,2.933962,447.622926,0.638149,-0.048122,-1.268072,12.000000,34.500000,49.250000,63.900000,69.450000
5,Saturday,18,52.000000,26.096154,0.000000,69.000000,19.063629,2.643650,363.421946,0.730515,0.307267,-1.073339,6.000000,26.500000,42.250000,57.350000,64.410000
5,Saturday,19,52.000000,20.173077,0.000000,71.000000,16.250154,2.253491,264.067496,0.805537,0.894651,0.531039,6.000000,18.000000,30.250000,45.700000,63.860000
5,Saturday,20,52.000000,14.365385,0.000000,42.000000,11.702235,1.622808,136.942308,0.814613,0.670337,-0.805661,5.000000,11.500000,24.000000,35.450000,39.450000
5,Saturday,21,52.000000,11.980769,0.000000,49.000000,11.736470,1.627556,137.744721,0.979609,1.646753,2.388462,4.000000,8.000000,15.500000,40.800000,46.450000
5,Saturday,22,52.000000,8.307692,0.000000,27.000000,6.699542,0.929059,44.883861,0.806426,0.809816,-0.228486,2.750000,6.500000,13.000000,20.000000,23.940000
5,Saturday,23,52.000000,7.557692,0.000000,70.000000,10.457033,1.450130,109.349548,1.383628,4.407088,25.110123,2.000000,4.000000,10.500000,18.350000,46.030000
6,Sunday,0,52.000000,4.865385,0.000000,22.000000,4.423772,0.613467,19.569759,0.909234,1.421830,3.085672,1.000000,4.500000,7.000000,11.900000,17.920000
6,Sunday,1,52.000000,2.423077,0.000000,9.000000,2.108304,0.292369,4.444947,0.870094,1.306347,1.900096,1.000000,2.000000,3.000000,6.900000,8.490000
6,Sunday,2,52.000000,2.519231,0.000000,11.000000,2.355556,0.326657,5.548643,0.935030,1.449316,2.648337,1.000000,2.000000,3.250000,6.000000,9.980000
6,Sunday,3,52.000000,1.307692,0.000000,7.000000,1.743767,0.241817,3.040724,1.333469,1.605036,2.143942,0.000000,1.000000,2.000000,5.000000,6.490000
6,Sunday,4,52.000000,0.538462,0.000000,5.000000,1.092964,0.151567,1.194570,2.029790,2.428204,6.132324,0.000000,0.000000,1.000000,2.450000,4.490000
6,Sunday,5,52.000000,0.384615,0.000000,3.000000,0.690378,0.095738,0.476621,1.794982,1.920798,3.573287,0.000000,0.000000,1.000000,2.000000,2.490000
6,Sunday,6,52.000000,1.576923,0.000000,5.000000,1.333522,0.184926,1.778281,0.845648,0.782943,0.156209,1.000000,1.000000,2.000000,4.000000,5.000000
6,Sunday,7,52.000000,3.346154,0.000000,16.000000,3.271293,0.453647,10.701357,0.977628,2.076703,5.750118,1.000000,2.500000,5.000000,7.450000,15.490000
6,Sunday,8,52.000000,5.807692,0.000000,20.000000,4.048909,0.561483,16.393665,0.697163,1.369193,2.036855,3.000000,4.500000,7.250000,13.350000,17.450000
6,Sunday,9,52.000000,11.134615,2.000000,39.000000,7.921252,1.098480,62.746229,0.711408,1.827497,4.322098,6.000000,9.500000,13.000000,24.450000,39.000000
6,Sunday,10,52.000000,16.730769,1.000000,48.000000,11.780867,1.633712,138.788839,0.704144,0.754573,-0.062083,9.000000,14.000000,24.250000,39.350000,44.940000
6,Sunday,11,52.000000,21.846154,1.000000,62.000000,13.414047,1.860194,179.936652,0.614023,0.712956,0.432482,11.750000,21.000000,31.500000,39.450000,58.430000
6,Sunday,12,52.000000,25.192308,0.000000,68.000000,16.751984,2.323082,280.628959,0.664964,0.701556,0.273452,12.000000,24.000000,33.500000,60.900000,66.470000
6,Sunday,13,52.000000,28.942308,0.000000,75.000000,17.507884,2.427907,306.526018,0.604924,0.410344,-0.069729,13.750000,30.000000,39.000000,61.450000,70.920000
6,Sunday,14,52.000000,27.673077,0.000000,78.000000,18.368474,2.547249,337.400830,0.663767,0.601371,0.135644,11.750000,28.500000,41.250000,52.900000,76.470000
6,Sunday,15,52.000000,28.769231,1.000000,69.000000,18.222605,2.527021,332.063348,0.633406,0.309330,-0.978406,15.000000,25.000000,42.000000,57.450000,63.900000
6,Sunday,16,52.000000,29.500000,3.000000,66.000000,18.194483,2.523121,331.039216,0.616762,0.098919,-1.267202,12.750000,28.000000,46.000000,56.000000,61.920000
6,Sunday,17,52.000000,27.461538,2.000000,70.000000,18.408717,2.552830,338.880845,0.670345,0.368622,-0.950965,11.750000,23.000000,43.000000,56.000000,63.370000
6,Sunday,18,52.000000,21.769231,1.000000,63.000000,15.572242,2.159481,242.494721,0.715333,0.500083,-0.422414,8.750000,20.500000,32.500000,46.150000,58.920000
6,Sunday,19,52.000000,15.942308,0.000000,50.000000,12.851205,1.782141,165.153469,0.806107,0.850966,-0.286713,7.000000,11.500000,24.250000,39.450000,45.410000
6,Sunday,20,52.000000,12.288462,0.000000,47.000000,11.005055,1.526127,121.111237,0.895560,1.197006,1.266848,3.750000,10.000000,18.000000,32.700000,43.940000
6,Sunday,21,52.000000,9.500000,0.000000,50.000000,9.890578,1.371576,97.823529,1.041113,1.978323,5.316862,2.750000,7.000000,13.250000,23.450000,44.390000
6,Sunday,22,52.000000,5.884615,0.000000,20.000000,5.008439,0.694546,25.084465,0.851107,0.896771,0.358878,2.000000,5.000000,8.250000,15.900000,18.470000
6,Sunday,23,52.000000,3.673077,0.000000,13.000000,3.496335,0.484854,12.224359,0.951882,0.940047,-0.122888,1.000000,2.000000,6.000000,10.450000,11.980000
